Gloss to Folder Path Mapping (using new rules):
#AC -> #\#AC
#ALL -> #\#ALL
#ASL -> #\#ASL
#BACK -> #\#BACK
#BBQ -> #\#BBQ
#BUS -> #\#BUS
#CC -> #\#CC
#CLUB -> #\#CLUB
#CO -> #\#CO
#CP -> #\#CP
#DO+"WHAT" -> #\#DO+"WHAT"
#DOG -> #\#DOG
#EARLY -> #\#EARLY
#ED -> #\#ED
#FF -> #\#FF
#FIX -> #\#FIX
#HA-HA -> #\#HA-HA
#HR -> #\#HR
#IF -> #\#IF
#JOB -> #\#JOB
#LAB -> #\#LAB
#MW -> #\#MW
#NO -> #\#NO
#OD -> #\#OD
#OFF -> #\#OFF
#OK -> #\#OK
#OR -> #\#OR
#PE -> #\#PE
#PIZZA -> #\#PIZZA
#PO -> #\#PO
#REF -> #\#REF
#RR -> #\#RR
#SS -> #\#SS
#TTY -> #\#TTY
#TV -> #\#TV
#WHAT -> #\#WHAT
#WILL -> #\#WILL
#WOW -> #\#WOW
#YES -> #\#YES
A -> A\A
A-LEVEL-ABOVE -> A\A-LEVEL-ABOVE
A-LOT -> A\A-LOT
ABANDON -> A\ABANDON
ABDOMEN -> A\ABDOMEN
ABORTION -> A\ABORTION
ABOUT -> A\ABOUT
ABOVE -> A\ABOVE
ABSENT -> A\ABSENT
ABSTRACT -> A\ABSTRACT
ABUSE -> A\ABUSE
ACCEPT -> A\ACCEPT
ACCIDENT -> A\ACCIDENT
ACCOMPANY -> A\ACCOMPANY
ACQUIRE -> A\ACQUIRE
ACT -> A\ACT
ACT+AGENT -> A\ACT+AGENT
ACTION -> A\ACTION
ADAPT -> A\ADAPT
ADD -> A\ADD
ADDICTED -> A\ADDICTED
ADDRESS -> A\ADDRESS
ADMIT -> A\ADMIT
ADULT-TALL -> A\ADULT-TALL
ADULTERY -> A\ADULTERY
ADVENTUROUS/SNEAKY -> A\ADVENTUROUS_SNEAKY
ADVERTISE -> A\ADVERTISE
ADVISE/INFLUENCE -> A\ADVISE_INFLUENCE
ADVISE/INFLUENCE+AGENT -> A\ADVISE_INFLUENCE+AGENT
AFRAID -> A\AFRAID
AFTERNOON -> A\AFTERNOON
AGAIN -> A\AGAIN
AGAINST -> A\AGAINST
AGE-FIVE -> A\AGE-FIVE
AGE-FOUR -> A\AGE-FOUR
AGE-ONE -> A\AGE-ONE
AGE-TWO -> A\AGE-TWO
AGENT -> A\AGENT
AGGRESSIVE -> A\AGGRESSIVE
AGREE -> A\AGREE
AHEAD -> A\AHEAD
AIR -> A\AIR
AIR-PUMP -> A\AIR-PUMP
AIRPLANE -> A\AIRPLANE
AIRPLANE+AGENT -> A\AIRPLANE+AGENT
ALARM -> A\ALARM
ALCOHOL -> A\ALCOHOL
ALGEBRA -> A\ALGEBRA
ALL -> A\ALL
ALL-AFTERNOON -> A\ALL-AFTERNOON
ALL-DAY -> A\ALL-DAY
ALL-NIGHT -> A\ALL-NIGHT
ALL-NIGHT-AFTER-MIDNIGHT -> A\ALL-NIGHT-AFTER-MIDNIGHT
ALL-RIGHT -> A\ALL-RIGHT
ALLERGY -> A\ALLERGY
ALLIGATOR -> A\ALLIGATOR
ALLOW -> A\ALLOW
ALMOST -> A\ALMOST
ALONE -> A\ALONE
ALSO -> A\ALSO
ALWAYS -> A\ALWAYS
ALWAYS+FOREVER -> A\ALWAYS+FOREVER
AMAZED -> A\AMAZED
AMBULANCE -> A\AMBULANCE
AMONG -> A\AMONG
ANALYZE -> A\ANALYZE
AND -> A\AND
ANGEL -> A\ANGEL
ANGLE -> A\ANGLE
ANGRY -> A\ANGRY
ANIMAL -> A\ANIMAL
ANNOUNCE -> A\ANNOUNCE
ANSWER -> A\ANSWER
ANSWER+AGENT -> A\ANSWER+AGENT
ANY -> A\ANY
ANY+ONE -> A\ANY+ONE
ANY+THING -> A\ANY+THING
ANY+WHERE -> A\ANY+WHERE
ANYWAY/NOT-MATTER -> A\ANYWAY_NOT-MATTER
APPLAUSE -> A\APPLAUSE
APPLE -> A\APPLE
APPLY -> A\APPLY
APPOINT -> A\APPOINT
APPOINTMENT -> A\APPOINTMENT
APPROVE -> A\APPROVE
APPROVE/VETO -> A\APPROVE_VETO
AREA -> A\AREA
ARGUE -> A\ARGUE
ARM -> A\ARM
ARM+SHORT-SLEEVE -> A\ARM+SHORT-SLEEVE
AROUND -> A\AROUND
ARRIVE -> A\ARRIVE
ART/DESIGN -> A\ART_DESIGN
ART/DESIGN+AGENT -> A\ART_DESIGN+AGENT
ARTICLE -> A\ARTICLE
ASK -> A\ASK
ASSAULT -> A\ASSAULT
ASSIST -> A\ASSIST
ASSOCIATION -> A\ASSOCIATION
ASTONISHED -> A\ASTONISHED
ASTRAY -> A\ASTRAY
ATTEMPT -> A\ATTEMPT
ATTENTION-WAVE -> A\ATTENTION-WAVE
ATTITUDE -> A\ATTITUDE
AUCTION -> A\AUCTION
AUDIENCE -> A\AUDIENCE
AUDIOLOGY -> A\AUDIOLOGY
AUDIOLOGY+AGENT -> A\AUDIOLOGY+AGENT
AUNT -> A\AUNT
AUTHORITY -> A\AUTHORITY
AUTUMN -> A\AUTUMN
AVAILABLE -> A\AVAILABLE
AVERAGE -> A\AVERAGE
AVOID/FALL-BEHIND -> A\AVOID_FALL-BEHIND
AWKWARD -> A\AWKWARD
B -> B\B
BABY -> B\BABY
BACHELOR -> B\BACHELOR
BACK -> B\BACK
BACKGROUND -> B\BACKGROUND
BACKPACK -> B\BACKPACK
BACKSTAB -> B\BACKSTAB
BACON -> B\BACON
BAD -> B\BAD
BAD+DREAM -> B\BAD+DREAM
BADGE -> B\BADGE
BAG -> B\BAG
BAKE/OVEN -> B\BAKE_OVEN
BAKING-SPRINKLES -> B\BAKING-SPRINKLES
BALANCE -> B\BALANCE
BALD -> B\BALD
BALD+ALL-GONE -> B\BALD+ALL-GONE
BALL -> B\BALL
BALLOON -> B\BALLOON
BANANA -> B\BANANA
BANDAID -> B\BANDAID
BAPTIST -> B\BAPTIST
BAR -> B\BAR
BARK -> B\BARK
BASEBALL -> B\BASEBALL
BASEMENT -> B\BASEMENT
BASKET -> B\BASKET
BASKETBALL -> B\BASKETBALL
BAT -> B\BAT
BATH -> B\BATH
BATH+BATHROBE -> B\BATH+BATHROBE
BATH+COAT -> B\BATH+COAT
BATH+DRESS/CLOTHES -> B\BATH+DRESS_CLOTHES
BATH+fs-TUB -> B\BATH+fs-TUB
BATHING-SUIT -> B\BATHING-SUIT
BATHROBE -> B\BATHROBE
BAWL-OUT -> B\BAWL-OUT
BEACH -> B\BEACH
BEANS -> B\BEANS
BEAR -> B\BEAR
BEARD -> B\BEARD
BEAT -> B\BEAT
BEAUTIFUL -> B\BEAUTIFUL
BEAUTIFUL+DRESS/CLOTHES -> B\BEAUTIFUL+DRESS_CLOTHES
BEAVER -> B\BEAVER
BECAUSE -> B\BECAUSE
BECOME -> B\BECOME
BECOME+QUIET -> B\BECOME+QUIET
BECOME-FAT -> B\BECOME-FAT
BED -> B\BED
BED+BOX/ROOM -> B\BED+BOX_ROOM
BED+CUSHION -> B\BED+CUSHION
BEE -> B\BEE
BEER -> B\BEER
BEFORE -> B\BEFORE
BEFORE_2+SCHOOL -> B\BEFORE_2+SCHOOL
BEG -> B\BEG
BEG+AGENT -> B\BEG+AGENT
BEHAVIOR -> B\BEHAVIOR
BEHIND -> B\BEHIND
BELL -> B\BELL
BELONG -> B\BELONG
BELOW -> B\BELOW
BELT -> B\BELT
BENEFIT -> B\BENEFIT
BERRY -> B\BERRY
BEST -> B\BEST
BEST-FRIEND -> B\BEST-FRIEND
BET -> B\BET
BETTER -> B\BETTER
BETWEEN/SHARE -> B\BETWEEN_SHARE
BETWEEN/SHARE+AGENT -> B\BETWEEN_SHARE+AGENT
BICYCLE -> B\BICYCLE
BIG -> B\BIG
BIG-HEADED -> B\BIG-HEADED
BIKE-PUMP -> B\BIKE-PUMP
BILL/OWE -> B\BILL_OWE
BILLIARDS -> B\BILLIARDS
BILLION -> B\BILLION
BIND/TIE-UP -> B\BIND_TIE-UP
BIOLOGY -> B\BIOLOGY
BIRD -> B\BIRD
BIRD+PECK -> B\BIRD+PECK
BIRTH -> B\BIRTH
BIRTHDAY -> B\BIRTHDAY
BISON/BUFFALO -> B\BISON_BUFFALO
BITE -> B\BITE
BITE-NAILS -> B\BITE-NAILS
BITTER -> B\BITTER
BLACK -> B\BLACK
BLACK+BERRY -> B\BLACK+BERRY
BLACK-OUT -> B\BLACK-OUT
BLAME -> B\BLAME
BLANK-OUT -> B\BLANK-OUT
BLANKET -> B\BLANKET
BLESS -> B\BLESS
BLIND -> B\BLIND
BLINDFOLD -> B\BLINDFOLD
BLINDS -> B\BLINDS
BLINK/WINK -> B\BLINK_WINK
BLOCK -> B\BLOCK
BLOND -> B\BLOND
BLOOD -> B\BLOOD
BLOSSOM -> B\BLOSSOM
BLOUSE -> B\BLOUSE
BLOW-NOSE -> B\BLOW-NOSE
BLOW-UP -> B\BLOW-UP
BLUE -> B\BLUE
BLUE+BERRY -> B\BLUE+BERRY
BLUSH -> B\BLUSH
BLUSH-BRUSH -> B\BLUSH-BRUSH
BOARD -> B\BOARD
BOAT -> B\BOAT
BODY -> B\BODY
BOIL -> B\BOIL
BOMB -> B\BOMB
BONE -> B\BONE
BOOK -> B\BOOK
BOOK-PAGE -> B\BOOK-PAGE
BOOT -> B\BOOT
BORE -> B\BORE
BORN -> B\BORN
BORROW -> B\BORROW
BOSS -> B\BOSS
BOSS+LOWERCASE/TINY -> B\BOSS+LOWERCASE_TINY
BOTH -> B\BOTH
BOTHER -> B\BOTHER
BOTTLE -> B\BOTTLE
BOWEL-MOVEMENT -> B\BOWEL-MOVEMENT
BOWL -> B\BOWL
BOWLING -> B\BOWLING
BOWLING-STRIKE -> B\BOWLING-STRIKE
BOWTIE -> B\BOWTIE
BOX -> B\BOX
BOX/ROOM -> B\BOX_ROOM
BOXING -> B\BOXING
BOY -> B\BOY
BOY+BABY -> B\BOY+BABY
BOY+DCL"round flat" -> B\BOY+DCL"round flat"
BOY+FRIEND -> B\BOY+FRIEND
BOY_2+CORRECT -> B\BOY_2+CORRECT
BOY_2+CORRECT+LAW -> B\BOY_2+CORRECT+LAW
BOY_3+MARRY -> B\BOY_3+MARRY
BPCL:B"tapping foot" -> B\BPCL:B"tapping foot"
BRA -> B\BRA
BRA+UNDERPANTS -> B\BRA+UNDERPANTS
BRACELET -> B\BRACELET
BRAG -> B\BRAG
BRAKE -> B\BRAKE
BRAVE/RECOVER -> B\BRAVE_RECOVER
BRAWL -> B\BRAWL
BREAD -> B\BREAD
BREAD+DCL"rounded rectangle" -> B\BREAD+DCL"rounded rectangle"
BREAK -> B\BREAK
BREAK-DOWN -> B\BREAK-DOWN
BREAK-DOWN-BUILDING -> B\BREAK-DOWN-BUILDING
BREASTS -> B\BREASTS
BREATHE -> B\BREATHE
BRIDGE -> B\BRIDGE
BRING -> B\BRING
BROKE -> B\BROKE
BROOM -> B\BROOM
BROTHER -> B\BROTHER
BROWN -> B\BROWN
BRUSH-TEETH -> B\BRUSH-TEETH
BUCKET -> B\BUCKET
BUG -> B\BUG
BUILD -> B\BUILD
BUILDING -> B\BUILDING
BULL -> B\BULL
BURY -> B\BURY
BUSINESS -> B\BUSINESS
BUSY -> B\BUSY
BUT -> B\BUT
BUTTER -> B\BUTTER
BUTTERFLY -> B\BUTTERFLY
BUTTON -> B\BUTTON
BUY -> B\BUY
BUY+AGENT -> B\BUY+AGENT
C -> C\C
CABBAGE -> C\CABBAGE
CABINET -> C\CABINET
CAESAREAN-SECTION -> C\CAESAREAN-SECTION
CAFETERIA -> C\CAFETERIA
CAKE -> C\CAKE
CALCULATOR -> C\CALCULATOR
CALCULUS -> C\CALCULUS
CALENDAR -> C\CALENDAR
CALL-BY-PHONE -> C\CALL-BY-PHONE
CALL-ON-RELAY/VRS -> C\CALL-ON-RELAY_VRS
CALM-DOWN -> C\CALM-DOWN
CAMERA -> C\CAMERA
CAMERA-FLASH -> C\CAMERA-FLASH
CAMP -> C\CAMP
CAN -> C\CAN
CANCEL/CRITICIZE -> C\CANCEL_CRITICIZE
CANDLE -> C\CANDLE
CANDY -> C\CANDY
CANE -> C\CANE
CANNOT -> C\CANNOT
CAPITAL-LETTER -> C\CAPITAL-LETTER
CAPTIONS -> C\CAPTIONS
CAR -> C\CAR
CAR+DCL"long flat surface" -> C\CAR+DCL"long flat surface"
CAR+DCL:1"speedometer" -> C\CAR+DCL:1"speedometer"
CAR+ENGINE -> C\CAR+ENGINE
CAR+TRUNK -> C\CAR+TRUNK
CAR-HORN -> C\CAR-HORN
CARDIGAN -> C\CARDIGAN
CARE -> C\CARE
CARE+AGENT -> C\CARE+AGENT
CARELESS -> C\CARELESS
CARPENTER -> C\CARPENTER
CARROT -> C\CARROT
CARRY -> C\CARRY
CARRY-SUITCASE -> C\CARRY-SUITCASE
CASHIER -> C\CASHIER
CASHIER+AGENT -> C\CASHIER+AGENT
CAT -> C\CAT
CAT+fs-UP -> C\CAT+fs-UP
CATCH -> C\CATCH
CATCH-BALL -> C\CATCH-BALL
CATERPILLAR -> C\CATERPILLAR
CATHOLIC -> C\CATHOLIC
CAUSE -> C\CAUSE
CEILING -> C\CEILING
CELEBRATE -> C\CELEBRATE
CELEBRATE+IX-honorific:upward -> C\CELEBRATE+IX-honorific:upward
CENT+EIGHT -> C\CENT+EIGHT
CENT+FIVE -> C\CENT+FIVE
CENT+ONE -> C\CENT+ONE
CENT+TEN -> C\CENT+TEN
CENT+TWENTY-FIVE -> C\CENT+TWENTY-FIVE
CENTER -> C\CENTER
CENTER+ns-AMERICA -> C\CENTER+ns-AMERICA
CEREAL -> C\CEREAL
CERTIFY -> C\CERTIFY
CHAIN/OLYMPICS -> C\CHAIN_OLYMPICS
CHALK -> C\CHALK
CHALLENGE -> C\CHALLENGE
CHAMP -> C\CHAMP
CHANCE -> C\CHANCE
CHANGE -> C\CHANGE
CHANNEL -> C\CHANNEL
CHAPTER -> C\CHAPTER
CHARACTER -> C\CHARACTER
CHARACTERISTIC -> C\CHARACTERISTIC
CHASE -> C\CHASE
CHAT -> C\CHAT
CHEAP -> C\CHEAP
CHEAT -> C\CHEAT
CHECK -> C\CHECK
CHECKERS -> C\CHECKERS
CHECKING-ACCOUNT -> C\CHECKING-ACCOUNT
CHECK_LIST -> C\CHECK_LIST
CHEESE -> C\CHEESE
CHEMISTRY -> C\CHEMISTRY
CHERISH -> C\CHERISH
CHERRY -> C\CHERRY
CHEST -> C\CHEST
CHEW -> C\CHEW
CHILD -> C\CHILD
CHIN -> C\CHIN
CHOCOLATE -> C\CHOCOLATE
CHOKE -> C\CHOKE
CHOOSE -> C\CHOOSE
CHRIST -> C\CHRIST
CHRISTMAS -> C\CHRISTMAS
CHURCH -> C\CHURCH
CIGAR -> C\CIGAR
CIGARETTE -> C\CIGARETTE
CIRCLE -> C\CIRCLE
CIRCUMCISE -> C\CIRCUMCISE
CITY/COMMUNITY -> C\CITY_COMMUNITY
CLASS -> C\CLASS
CLASS+BOX/ROOM -> C\CLASS+BOX_ROOM
CLEAR -> C\CLEAR
CLEVER -> C\CLEVER
CLIMB -> C\CLIMB
CLIMBING-ROCKS -> C\CLIMBING-ROCKS
CLIP-NAILS -> C\CLIP-NAILS
CLOSE -> C\CLOSE
CLOSE-DOOR -> C\CLOSE-DOOR
CLOSE-WINDOW -> C\CLOSE-WINDOW
CLOWN -> C\CLOWN
COACH -> C\COACH
COAT -> C\COAT
COCAINE -> C\COCAINE
COCONUT -> C\COCONUT
COFFEE -> C\COFFEE
COINS/CHANGE -> C\COINS_CHANGE
COLD -> C\COLD
COLD+DOOR -> C\COLD+DOOR
COLLAPSE -> C\COLLAPSE
COLLAR -> C\COLLAR
COLLECT -> C\COLLECT
COLLEGE -> C\COLLEGE
COLOR -> C\COLOR
COMB -> C\COMB
COME -> C\COME
COME-ON -> C\COME-ON
COMFORTABLE -> C\COMFORTABLE
COMMITTEE -> C\COMMITTEE
COMMON-SENSE -> C\COMMON-SENSE
COMMUNICATE -> C\COMMUNICATE
COMMUNICATE+MISCOMMUNICATE -> C\COMMUNICATE+MISCOMMUNICATE
COMMUNIST -> C\COMMUNIST
COMMUTE -> C\COMMUTE
COMPARE -> C\COMPARE
COMPETITION -> C\COMPETITION
COMPLAIN/OBJECT -> C\COMPLAIN_OBJECT
COMPLICATED -> C\COMPLICATED
COMPUTER -> C\COMPUTER
CONCEPT -> C\CONCEPT
CONCERN -> C\CONCERN
CONCLUSION -> C\CONCLUSION
CONDUCT-MUSIC -> C\CONDUCT-MUSIC
CONDUCTOR -> C\CONDUCTOR
CONFIDENT -> C\CONFIDENT
CONFIDENTIAL -> C\CONFIDENTIAL
CONFLICT/INTERSECTION -> C\CONFLICT_INTERSECTION
CONFRONT -> C\CONFRONT
CONFUSE -> C\CONFUSE
CONGRATULATIONS -> C\CONGRATULATIONS
CONSTITUTION -> C\CONSTITUTION
CONTACT -> C\CONTACT
CONTACT-LENSES -> C\CONTACT-LENSES
CONTINUE -> C\CONTINUE
CONVINCE -> C\CONVINCE
COOK/KITCHEN -> C\COOK_KITCHEN
COOK/KITCHEN+AGENT -> C\COOK_KITCHEN+AGENT
COOK/KITCHEN+BOX/ROOM -> C\COOK_KITCHEN+BOX_ROOM
COOKIE -> C\COOKIE
COOKING -> C\COOKING
COOL -> C\COOL
COOPERATE/UNITE -> C\COOPERATE_UNITE
COP -> C\COP
COP+RESEARCH -> C\COP+RESEARCH
COPY -> C\COPY
COPY-DOWN -> C\COPY-DOWN
CORN -> C\CORN
CORNER -> C\CORNER
CORRECT -> C\CORRECT
CORRESPOND -> C\CORRESPOND
COUCH -> C\COUCH
COUGH -> C\COUGH
COUNT -> C\COUNT
COUNTRY -> C\COUNTRY
COURSE -> C\COURSE
COURT -> C\COURT
COURT+AGENT -> C\COURT+AGENT
COURT+BOX/ROOM -> C\COURT+BOX_ROOM
COURT+HOUSE -> C\COURT+HOUSE
COUSIN -> C\COUSIN
COVER -> C\COVER
COW -> C\COW
CRACK -> C\CRACK
CRACKER/PASSOVER -> C\CRACKER_PASSOVER
CRASH -> C\CRASH
CRAWL -> C\CRAWL
CRAZY -> C\CRAZY
CREAM -> C\CREAM
CREATE/PRETEND -> C\CREATE_PRETEND
CREDIT-CARD -> C\CREDIT-CARD
CRIPPLE -> C\CRIPPLE
CROSS -> C\CROSS
CROSS-MY-HEART -> C\CROSS-MY-HEART
CROWDED -> C\CROWDED
CROWN -> C\CROWN
CROWN+DCL:4"coronet" -> C\CROWN+DCL:4"coronet"
CRUEL -> C\CRUEL
CRUSH -> C\CRUSH
CRY -> C\CRY
CUBED -> C\CUBED
CULTURE -> C\CULTURE
CUP -> C\CUP
CURIOUS -> C\CURIOUS
CURLY -> C\CURLY
CURRICULUM -> C\CURRICULUM
CURSE -> C\CURSE
CURTAIN -> C\CURTAIN
CURVE -> C\CURVE
CUSHION -> C\CUSHION
CUSTOMER -> C\CUSTOMER
CUT -> C\CUT
CUT-FABRIC -> C\CUT-FABRIC
CUT-WITH-SCISSORS -> C\CUT-WITH-SCISSORS
CUTE -> C\CUTE
CUTE+DCL"cane" -> C\CUTE+DCL"cane"
CYCLE -> C\CYCLE
D -> D\D
DANCE -> D\DANCE
DANGER -> D\DANGER
DARE -> D\DARE
DARK -> D\DARK
DARTS -> D\DARTS
DASH-LINES -> D\DASH-LINES
DATE/DESSERT -> D\DATE_DESSERT
DAUGHTER -> D\DAUGHTER
DAY -> D\DAY
DCL"T"+VOLUNTEER/SHIRT -> D\DCL"T"+VOLUNTEER_SHIRT
DCL"can"+ICL"open can" -> D\DCL"can"+ICL"open can"
DCL"flat stack" -> D\DCL"flat stack"
DCL"long stringed hanging object" -> D\DCL"long stringed hanging object"
DCL"pile" -> D\DCL"pile"
DCL"rough surface" -> D\DCL"rough surface"
DCL"steam rising" -> D\DCL"steam rising"
DCL"thick strip" -> D\DCL"thick strip"
DCL"thin cylindrical object" -> D\DCL"thin cylindrical object"
DCL:1"speedometer" -> D\DCL:1"speedometer"
DCL:crvd-5"tall wide cylindrical object" -> D\DCL:crvd-5"tall wide cylindrical object"
DCL:crvd-5"tall wide cylindrical object"+HANDLE -> D\DCL:crvd-5"tall wide cylindrical object"+HANDLE
DCL:crvd-V"couch shaped object" -> D\DCL:crvd-V"couch shaped object"
DEAF -> D\DEAF
DEAF-APPLAUSE -> D\DEAF-APPLAUSE
DEAL-CARDS -> D\DEAL-CARDS
DECIDE -> D\DECIDE
DECONSTRUCT -> D\DECONSTRUCT
DECORATE -> D\DECORATE
DECREASE -> D\DECREASE
DEEP -> D\DEEP
DEER -> D\DEER
DEFEND -> D\DEFEND
DEFLATE -> D\DEFLATE
DELETE -> D\DELETE
DELICIOUS -> D\DELICIOUS
DEMOCRAT -> D\DEMOCRAT
DENTIST -> D\DENTIST
DENY -> D\DENY
DEPARTMENT -> D\DEPARTMENT
DEPEND -> D\DEPEND
DEPOSIT -> D\DEPOSIT
DEPRESS -> D\DEPRESS
DESTROY -> D\DESTROY
DETECTIVE -> D\DETECTIVE
DETERIORATE -> D\DETERIORATE
DEVELOP -> D\DEVELOP
DEVIL/MISCHIEVOUS -> D\DEVIL_MISCHIEVOUS
DEVOUR -> D\DEVOUR
DIAL-ROTARY -> D\DIAL-ROTARY
DIALOG -> D\DIALOG
DIAMOND -> D\DIAMOND
DICTIONARY -> D\DICTIONARY
DIE -> D\DIE
DIM -> D\DIM
DIMPLE -> D\DIMPLE
DINNER -> D\DINNER
DINNER+BOX/ROOM -> D\DINNER+BOX_ROOM
DINOSAUR -> D\DINOSAUR
DIPLOMA -> D\DIPLOMA
DIRECT -> D\DIRECT
DIRECT+AGENT -> D\DIRECT+AGENT
DIRTY -> D\DIRTY
DISAGREE -> D\DISAGREE
DISAPPEAR -> D\DISAPPEAR
DISAPPOINT -> D\DISAPPOINT
DISCIPLINE -> D\DISCIPLINE
DISCONNECT -> D\DISCONNECT
DISCRIMINATE -> D\DISCRIMINATE
DISCUSS -> D\DISCUSS
DISGUST -> D\DISGUST
DISH -> D\DISH
DISMISS -> D\DISMISS
DISTRIBUTE -> D\DISTRIBUTE
DIVE -> D\DIVE
DIVE-OFF-BOARD -> D\DIVE-OFF-BOARD
DIVIDE -> D\DIVIDE
DIVORCE -> D\DIVORCE
DIZZY -> D\DIZZY
DO -> D\DO
DO-DO -> D\DO-DO
DO-DO+HAPPEN -> D\DO-DO+HAPPEN
DOCTOR -> D\DOCTOR
DOLLAR -> D\DOLLAR
DON'T -> D\DON'T
DONKEY -> D\DONKEY
DONUT -> D\DONUT
DOOR -> D\DOOR
DOOR+SQUARE -> D\DOOR+SQUARE
DOORBELL -> D\DOORBELL
DORM -> D\DORM
DOUBT -> D\DOUBT
DOWN -> D\DOWN
DOWN-TO-EARTH -> D\DOWN-TO-EARTH
DOWNSTAIRS -> D\DOWNSTAIRS
DRAGON -> D\DRAGON
DREAM -> D\DREAM
DRESS/CLOTHES -> D\DRESS_CLOTHES
DRESSER -> D\DRESSER
DRIBBLE -> D\DRIBBLE
DRIBBLE+SHOOT-BASKET -> D\DRIBBLE+SHOOT-BASKET
DRILL -> D\DRILL
DRINK -> D\DRINK
DRIP -> D\DRIP
DRIVE -> D\DRIVE
DROOL -> D\DROOL
DROP -> D\DROP
DROWN -> D\DROWN
DRUGS -> D\DRUGS
DRUMS -> D\DRUMS
DRUNK -> D\DRUNK
DRY -> D\DRY
DRY+AREA -> D\DRY+AREA
DRY+SPIN -> D\DRY+SPIN
DRY-CEREAL -> D\DRY-CEREAL
DUCK -> D\DUCK
DURING/WHILE -> D\DURING_WHILE
DUSTING -> D\DUSTING
DUTY -> D\DUTY
DYE -> D\DYE
E -> E\E
E-MAIL -> E\E-MAIL
EACH -> E\EACH
EACH+ONE -> E\EACH+ONE
EAGLE -> E\EAGLE
EAR+EAR-HURT -> E\EAR+EAR-HURT
EAR-HURT -> E\EAR-HURT
EARMUFF -> E\EARMUFF
EARRING -> E\EARRING
EARTH -> E\EARTH
EARTH+RUMBLE -> E\EARTH+RUMBLE
EARTH+SPHERE -> E\EARTH+SPHERE
EAR_2/BIRTHDAY -> E\EAR_2_BIRTHDAY
EAST -> E\EAST
EASTER -> E\EASTER
EASY -> E\EASY
EAT -> E\EAT
EAT+BOX/ROOM -> E\EAT+BOX_ROOM
EAT+BUY -> E\EAT+BUY
EAT+MORNING -> E\EAT+MORNING
EAT+NIGHT -> E\EAT+NIGHT
EAT+NOON -> E\EAT+NOON
EAT+SELL -> E\EAT+SELL
EAT-UP -> E\EAT-UP
EAT-WITH-FORK -> E\EAT-WITH-FORK
ECONOMIC -> E\ECONOMIC
EDGE/CLIFF -> E\EDGE_CLIFF
EFFORT -> E\EFFORT
EGG -> E\EGG
EGO -> E\EGO
EIGHT -> E\EIGHT
EIGHT+HOUR -> E\EIGHT+HOUR
EIGHT-HOURS -> E\EIGHT-HOURS
EIGHT-MONTHS -> E\EIGHT-MONTHS
EIGHT-WEEKS -> E\EIGHT-WEEKS
EIGHTEEN -> E\EIGHTEEN
EIGHTH -> E\EIGHTH
EIGHTH-PLACE -> E\EIGHTH-PLACE
EIGHTY-EIGHT -> E\EIGHTY-EIGHT
EIGHTY-NINE -> E\EIGHTY-NINE
EITHER -> E\EITHER
ELASTIC -> E\ELASTIC
ELBOW -> E\ELBOW
ELBOW-PATCH -> E\ELBOW-PATCH
ELECTRIC -> E\ELECTRIC
ELECTRIC+AGENT -> E\ELECTRIC+AGENT
ELEMENTARY -> E\ELEMENTARY
ELEPHANT -> E\ELEPHANT
ELEVATOR -> E\ELEVATOR
ELEVEN -> E\ELEVEN
EMBARRASS -> E\EMBARRASS
EMERGENCY -> E\EMERGENCY
EMOTION -> E\EMOTION
EMOTIONLESS -> E\EMOTIONLESS
EMPHASIZE -> E\EMPHASIZE
EMPTY/EARLY -> E\EMPTY_EARLY
EMPTY/NAKED -> E\EMPTY_NAKED
ENCOURAGE -> E\ENCOURAGE
ENCYCLOPEDIA -> E\ENCYCLOPEDIA
END -> E\END
ENERGY -> E\ENERGY
ENGAGEMENT -> E\ENGAGEMENT
ENGINE -> E\ENGINE
ENGINEERING+AGENT -> E\ENGINEERING+AGENT
ENOUGH -> E\ENOUGH
ENTER -> E\ENTER
ENVIRONMENT -> E\ENVIRONMENT
EPISCOPAL -> E\EPISCOPAL
EQUAL -> E\EQUAL
EQUIPMENT -> E\EQUIPMENT
ERASE -> E\ERASE
ERASE-BOARD -> E\ERASE-BOARD
ERECT -> E\ERECT
ESCAPE -> E\ESCAPE
ETCETERA -> E\ETCETERA
EVALUATE -> E\EVALUATE
EVENING -> E\EVENING
EVERY+THING -> E\EVERY+THING
EVERY-FRIDAY -> E\EVERY-FRIDAY
EVERY-MONDAY -> E\EVERY-MONDAY
EVERY-MONTH/RENT -> E\EVERY-MONTH_RENT
EVERY-SATURDAY -> E\EVERY-SATURDAY
EVERY-SUNDAY -> E\EVERY-SUNDAY
EVERY-THURSDAY -> E\EVERY-THURSDAY
EVERY-TUESDAY -> E\EVERY-TUESDAY
EVERY-TWO-YEARS -> E\EVERY-TWO-YEARS
EVERY-WEDNESDAY -> E\EVERY-WEDNESDAY
EVERY-WEEK -> E\EVERY-WEEK
EVERY-YEAR -> E\EVERY-YEAR
EVERYDAY -> E\EVERYDAY
EXACT -> E\EXACT
EXAGGERATE -> E\EXAGGERATE
EXCEED -> E\EXCEED
EXCITED -> E\EXCITED
EXCUSE -> E\EXCUSE
EXPAND -> E\EXPAND
EXPENSIVE -> E\EXPENSIVE
EXPERIENCE -> E\EXPERIENCE
EXPERIMENT -> E\EXPERIMENT
EXPERT -> E\EXPERT
EXPLAIN -> E\EXPLAIN
EXPLOIT -> E\EXPLOIT
EXPOSE -> E\EXPOSE
EXPRESS -> E\EXPRESS
EYE-MASK -> E\EYE-MASK
EYEBROW -> E\EYEBROW
EYEBROW-FROWN -> E\EYEBROW-FROWN
EYELASHES -> E\EYELASHES
EYES -> E\EYES
F -> F\F
FACE -> F\FACE
FACE+NICE/CLEAN -> F\FACE+NICE_CLEAN
FACE+SAME -> F\FACE+SAME
FACE+STRONG -> F\FACE+STRONG
FACIAL-EXPRESSION -> F\FACIAL-EXPRESSION
FACULTY -> F\FACULTY
FAIL -> F\FAIL
FALL -> F\FALL
FALL-IN-LOVE -> F\FALL-IN-LOVE
FALL-INTO-PLACE -> F\FALL-INTO-PLACE
FALSE -> F\FALSE
FALSEHOOD -> F\FALSEHOOD
FAMILY -> F\FAMILY
FAMOUS -> F\FAMOUS
FANCY -> F\FANCY
FANCY+BOX/ROOM -> F\FANCY+BOX_ROOM
FANTASY -> F\FANTASY
FAR -> F\FAR
FARM -> F\FARM
FARM+AGENT -> F\FARM+AGENT
FASCINATE -> F\FASCINATE
FAST -> F\FAST
FASTING -> F\FASTING
FAT -> F\FAT
FATHER -> F\FATHER
FATHER+LAW -> F\FATHER+LAW
FAULT -> F\FAULT
FAVORITE/PREFER -> F\FAVORITE_PREFER
FAX -> F\FAX
FEATHER -> F\FEATHER
FED-UP/FULL -> F\FED-UP_FULL
FEDERAL -> F\FEDERAL
FEED -> F\FEED
FEEDBACK -> F\FEEDBACK
FEEL -> F\FEEL
FEEL+DEFLATE -> F\FEEL+DEFLATE
FEEL+GRIEF -> F\FEEL+GRIEF
FEEL+NONE/NOTHING -> F\FEEL+NONE_NOTHING
FEMALE-COUSIN -> F\FEMALE-COUSIN
FEMALE-FIGURE -> F\FEMALE-FIGURE
FENCE -> F\FENCE
FERRIS-WHEEL/FAIR -> F\FERRIS-WHEEL_FAIR
FEW -> F\FEW
FEW/CLOSE -> F\FEW_CLOSE
FIANCE -> F\FIANCE
FIFTEEN -> F\FIFTEEN
FIFTH -> F\FIFTH
FIFTH-PLACE -> F\FIFTH-PLACE
FIFTY-FIVE -> F\FIFTY-FIVE
FIGHT -> F\FIGHT
FIGURE-OUT -> F\FIGURE-OUT
FILE -> F\FILE
FILL-OUT -> F\FILL-OUT
FILTHY -> F\FILTHY
FINALLY -> F\FINALLY
FINANCIAL -> F\FINANCIAL
FIND/FIND-OUT -> F\FIND_FIND-OUT
FINE -> F\FINE
FINGER -> F\FINGER
FINGERPRINTS -> F\FINGERPRINTS
FINGERS -> F\FINGERS
FINGERSPELL -> F\FINGERSPELL
FINISH -> F\FINISH
FIRE/BURN -> F\FIRE_BURN
FIRE/BURN+PLACE -> F\FIRE_BURN+PLACE
FIRED -> F\FIRED
FIREMAN -> F\FIREMAN
FIRST -> F\FIRST
FIRST-IN-LIST -> F\FIRST-IN-LIST
FIRST-PLACE -> F\FIRST-PLACE
FISH -> F\FISH
FISHING -> F\FISHING
FIST -> F\FIST
FIVE -> F\FIVE
FIVE-DOLLARS -> F\FIVE-DOLLARS
FIVE-HOURS -> F\FIVE-HOURS
FIVE-MONTHS -> F\FIVE-MONTHS
FIVE-WEEKS -> F\FIVE-WEEKS
FIVE_2+HOUR -> F\FIVE_2+HOUR
FIX -> F\FIX
FLAG -> F\FLAG
FLASHLIGHT -> F\FLASHLIGHT
FLAT-TIRE -> F\FLAT-TIRE
FLAT/FLOOR -> F\FLAT_FLOOR
FLAT/LEVEL -> F\FLAT_LEVEL
FLEXIBLE -> F\FLEXIBLE
FLIP-FLOP -> F\FLIP-FLOP
FLIP-OVER -> F\FLIP-OVER
FLIRT -> F\FLIRT
FLOAT -> F\FLOAT
FLOW -> F\FLOW
FLOWER -> F\FLOWER
FLUNK -> F\FLUNK
FLUTE -> F\FLUTE
FLY-BY-PLANE -> F\FLY-BY-PLANE
FLY-BY-WINGS -> F\FLY-BY-WINGS
FLY-KITE -> F\FLY-KITE
FOCUS/NARROW -> F\FOCUS_NARROW
FOLD -> F\FOLD
FOLLOW -> F\FOLLOW
FOOL -> F\FOOL
FOOL/DOLL -> F\FOOL_DOLL
FOOL/DOLL+DAY -> F\FOOL_DOLL+DAY
FOOT -> F\FOOT
FOOTBALL -> F\FOOTBALL
FOOTSTEP -> F\FOOTSTEP
FOR -> F\FOR
FOR-FOR -> F\FOR-FOR
FORCE -> F\FORCE
FOREHEAD -> F\FOREHEAD
FOREIGN -> F\FOREIGN
FOREVER -> F\FOREVER
FORGET -> F\FORGET
FORK -> F\FORK
FORK-IN-ROAD -> F\FORK-IN-ROAD
FORM -> F\FORM
FORMERLY -> F\FORMERLY
FORTY -> F\FORTY
FORTY-FOUR -> F\FORTY-FOUR
FOUNDATION -> F\FOUNDATION
FOUNTAIN -> F\FOUNTAIN
FOUR -> F\FOUR
FOUR-DOLLARS -> F\FOUR-DOLLARS
FOUR-HOURS -> F\FOUR-HOURS
FOUR-MONTHS -> F\FOUR-MONTHS
FOUR-WEEKS -> F\FOUR-WEEKS
FOURTEEN -> F\FOURTEEN
FOURTH-PLACE -> F\FOURTH-PLACE
FOUR_2+HOUR -> F\FOUR_2+HOUR
FOX -> F\FOX
FRACTION -> F\FRACTION
FRAME -> F\FRAME
FRECKLES -> F\FRECKLES
FREE -> F\FREE
FREEZE -> F\FREEZE
FRESHMAN -> F\FRESHMAN
FRIDAY -> F\FRIDAY
FRIEND -> F\FRIEND
FRIENDLY -> F\FRIENDLY
FROG -> F\FROG
FROM -> F\FROM
FROM-NOW-ON -> F\FROM-NOW-ON
FRONT -> F\FRONT
FRUIT -> F\FRUIT
FRUSTRATE -> F\FRUSTRATE
FRUSTRATED/THWARTED -> F\FRUSTRATED_THWARTED
FULL -> F\FULL
FUN -> F\FUN
FUNCTION -> F\FUNCTION
FUNERAL -> F\FUNERAL
FUNNY -> F\FUNNY
FURNITURE -> F\FURNITURE
FUTURE -> F\FUTURE
G -> G\G
GAMBLE -> G\GAMBLE
GAME -> G\GAME
GANG -> G\GANG
GANG+SCL:C"group go together" -> G\GANG+SCL:C"group go together"
GARAGE/SUBMARINE -> G\GARAGE_SUBMARINE
GAS/GAS-UP -> G\GAS_GAS-UP
GATE -> G\GATE
GAY -> G\GAY
GENERAL -> G\GENERAL
GENERATION -> G\GENERATION
GENERATIONS-AGO -> G\GENERATIONS-AGO
GEOMETRY -> G\GEOMETRY
GET -> G\GET
GET-BIGGER -> G\GET-BIGGER
GET-CLOSE -> G\GET-CLOSE
GET-IN -> G\GET-IN
GET-ON -> G\GET-ON
GET-OUT -> G\GET-OUT
GET-RID-OF -> G\GET-RID-OF
GET-TICKET -> G\GET-TICKET
GET-UP -> G\GET-UP
GHOST -> G\GHOST
GIFT -> G\GIFT
GIGGLE -> G\GIGGLE
GIRAFFE -> G\GIRAFFE
GIRL -> G\GIRL
GIRL+BABY -> G\GIRL+BABY
GIRL+CORRECT -> G\GIRL+CORRECT
GIRL+CORRECT+LAW -> G\GIRL+CORRECT+LAW
GIRL+FRIEND -> G\GIRL+FRIEND
GIRL+MARRY -> G\GIRL+MARRY
GIRL-SCOUT -> G\GIRL-SCOUT
GIVE -> G\GIVE
GIVE-UP -> G\GIVE-UP
GLASSES -> G\GLASSES
GLOBE -> G\GLOBE
GLORY -> G\GLORY
GLOVES -> G\GLOVES
GLUE -> G\GLUE
GO -> G\GO
GO-AWAY -> G\GO-AWAY
GO-BY-BOAT -> G\GO-BY-BOAT
GO-OUT -> G\GO-OUT
GO-STEADY -> G\GO-STEADY
GO-TO-IT -> G\GO-TO-IT
GOAL -> G\GOAL
GOAT -> G\GOAT
GOD -> G\GOD
GOLD/ns-CALIFORNIA -> G\GOLD_ns-CALIFORNIA
GOLD/ns-CALIFORNIA+YELLOW -> G\GOLD_ns-CALIFORNIA+YELLOW
GOLF -> G\GOLF
GONE -> G\GONE
GOOD+ENOUGH -> G\GOOD+ENOUGH
GOOD+LUCKY -> G\GOOD+LUCKY
GOOD+MORNING -> G\GOOD+MORNING
GOOD+NIGHT -> G\GOOD+NIGHT
GOOD/THANK-YOU -> G\GOOD_THANK-YOU
GOOSEBUMPS -> G\GOOSEBUMPS
GORILLA -> G\GORILLA
GOSSIP -> G\GOSSIP
GOVERNMENT -> G\GOVERNMENT
GOVERNMENT+AGENT -> G\GOVERNMENT+AGENT
GRAB -> G\GRAB
GRAB-CHANCE -> G\GRAB-CHANCE
GRAD -> G\GRAD
GRADUAL-DECLINE-A-LOT -> G\GRADUAL-DECLINE-A-LOT
GRADUAL-IMPROVE -> G\GRADUAL-IMPROVE
GRADUATE -> G\GRADUATE
GRAMMAR -> G\GRAMMAR
GRANDFATHER -> G\GRANDFATHER
GRANDMOTHER -> G\GRANDMOTHER
GRAPES -> G\GRAPES
GRASS -> G\GRASS
GRAY -> G\GRAY
GREAT -> G\GREAT
GREEDY -> G\GREEDY
GREEN -> G\GREEN
GRIEF -> G\GRIEF
GRIP -> G\GRIP
GROUCHY -> G\GROUCHY
GROUND -> G\GROUND
GROUND+AREA -> G\GROUND+AREA
GROUP -> G\GROUP
GROUP/TOGETHER -> G\GROUP_TOGETHER
GROW -> G\GROW
GROW+COLLECT -> G\GROW+COLLECT
GROW-UP -> G\GROW-UP
GUILTY -> G\GUILTY
GUITAR -> G\GUITAR
GUM -> G\GUM
GUN -> G\GUN
GYM -> G\GYM
GYMNASTICS -> G\GYMNASTICS
H -> H\H
HABIT -> H\HABIT
HAIR -> H\HAIR
HAIRBRUSH -> H\HAIRBRUSH
HAIRCUT -> H\HAIRCUT
HAIRCUT+AGENT -> H\HAIRCUT+AGENT
HAIRCUT/TRIM -> H\HAIRCUT_TRIM
HAIR_2+BLOND -> H\HAIR_2+BLOND
HALF -> H\HALF
HALF-HALF -> H\HALF-HALF
HALL -> H\HALL
HALLOWEEN -> H\HALLOWEEN
HALLUCINATE -> H\HALLUCINATE
HAMBURGER -> H\HAMBURGER
HAMMER -> H\HAMMER
HAMMER+AGENT -> H\HAMMER+AGENT
HANDS -> H\HANDS
HANDSOME/ns-HAWAII -> H\HANDSOME_ns-HAWAII
HANG-UP-PHONE -> H\HANG-UP-PHONE
HANGER -> H\HANGER
HANUKKAH -> H\HANUKKAH
HAPPEN -> H\HAPPEN
HAPPY -> H\HAPPY
HAPPY+MOST -> H\HAPPY+MOST
HAPPY+NEW+YEAR -> H\HAPPY+NEW+YEAR
HARD -> H\HARD
HARD-OF-HEARING -> H\HARD-OF-HEARING
HARMONICA -> H\HARMONICA
HARP -> H\HARP
HAT -> H\HAT
HATE -> H\HATE
HAVE -> H\HAVE
HEAD -> H\HEAD
HEAD-COLD -> H\HEAD-COLD
HEADACHE -> H\HEADACHE
HEADLINE -> H\HEADLINE
HEAR+NOISE -> H\HEAR+NOISE
HEAR+RUMBLE -> H\HEAR+RUMBLE
HEAR+SHUT -> H\HEAR+SHUT
HEAR/LISTEN -> H\HEAR_LISTEN
HEAR/LISTEN+RUMBLE -> H\HEAR_LISTEN+RUMBLE
HEARING -> H\HEARING
HEARING-AID -> H\HEARING-AID
HEART -> H\HEART
HEART+ATTACK -> H\HEART+ATTACK
HEART+HEART-BEAT -> H\HEART+HEART-BEAT
HEART-BEAT -> H\HEART-BEAT
HEAVEN -> H\HEAVEN
HEAVY -> H\HEAVY
HEIGHT -> H\HEIGHT
HELICOPTER -> H\HELICOPTER
HELL -> H\HELL
HELLO -> H\HELLO
HELMET -> H\HELMET
HELP -> H\HELP
HERE -> H\HERE
HEREDITY -> H\HEREDITY
HIDE -> H\HIDE
HIGH -> H\HIGH
HIGH-HEELS -> H\HIGH-HEELS
HIGH-ON-DRUGS -> H\HIGH-ON-DRUGS
HIGHWAY -> H\HIGHWAY
HILL -> H\HILL
HISTORY -> H\HISTORY
HIT -> H\HIT
HITCHHIKE -> H\HITCHHIKE
HOCKEY -> H\HOCKEY
HOLD -> H\HOLD
HOLY -> H\HOLY
HOME -> H\HOME
HOME+WORK -> H\HOME+WORK
HOMEWORK -> H\HOMEWORK
HONEST -> H\HONEST
HONEY/DEAR -> H\HONEY_DEAR
HONEYMOON -> H\HONEYMOON
HONOR -> H\HONOR
HOPE -> H\HOPE
HORSE -> H\HORSE
HORSE+ICL:S"holding moving pole" -> H\HORSE+ICL:S"holding moving pole"
HORSE+RIDE-ON -> H\HORSE+RIDE-ON
HOSPITAL -> H\HOSPITAL
HOT -> H\HOT
HOT-SPICY -> H\HOT-SPICY
HOTEL -> H\HOTEL
HOUR -> H\HOUR
HOUSE -> H\HOUSE
HOUSE+PAY -> H\HOUSE+PAY
HOW -> H\HOW
HOW-MANY/MANY -> H\HOW-MANY_MANY
HUG -> H\HUG
HUMBLE -> H\HUMBLE
HUNDRED -> H\HUNDRED
HUNGRY/WISH -> H\HUNGRY_WISH
HUNTING -> H\HUNTING
HURRICANE -> H\HURRICANE
HURRY -> H\HURRY
HURT -> H\HURT
HUSBAND -> H\HUSBAND
HYPOCRITE -> H\HYPOCRITE
I -> I\I
I-LOVE-YOU -> I\I-LOVE-YOU
ICE-CREAM -> I\ICE-CREAM
ICE-SKATE -> I\ICE-SKATE
ICL"peeling an orange" -> I\ICL"peeling an orange"
ICL"peeling skin" -> I\ICL"peeling skin"
ICL"peeling with knife" -> I\ICL"peeling with knife"
ICL"shaking out" -> I\ICL"shaking out"
ICL"squeezing small object" -> I\ICL"squeezing small object"
ICL:C"pouring over" -> I\ICL:C"pouring over"
ICL:F"peeling paint" -> I\ICL:F"peeling paint"
ICL:S"handling something long and narrow" -> I\ICL:S"handling something long and narrow"
IDEA -> I\IDEA
IDENTIFICATION -> I\IDENTIFICATION
IDENTIFY -> I\IDENTIFY
IF -> I\IF
IGNITION-OFF -> I\IGNITION-OFF
IGNITION-ON -> I\IGNITION-ON
IGNORE -> I\IGNORE
ILLEGAL -> I\ILLEGAL
IMAGINE -> I\IMAGINE
IMMATURE -> I\IMMATURE
IMPORTANT -> I\IMPORTANT
IMPOSSIBLE -> I\IMPOSSIBLE
IMPRESS -> I\IMPRESS
IMPRESS-MEMORY -> I\IMPRESS-MEMORY
IMPROVE-A-LOT -> I\IMPROVE-A-LOT
IN -> I\IN
IN-FIVE-YEARS -> I\IN-FIVE-YEARS
IN-FOUR-YEARS -> I\IN-FOUR-YEARS
IN-THREE-YEARS -> I\IN-THREE-YEARS
INCLUDE/INVOLVE -> I\INCLUDE_INVOLVE
INCOMPETENT -> I\INCOMPETENT
INCREASE -> I\INCREASE
INDEPENDENT -> I\INDEPENDENT
INDIVIDUAL -> I\INDIVIDUAL
INDUSTRY -> I\INDUSTRY
INFLATE -> I\INFLATE
INFORM -> I\INFORM
INJECT -> I\INJECT
INNOCENT -> I\INNOCENT
INSPIRE -> I\INSPIRE
INSTEAD -> I\INSTEAD
INSTITUTE -> I\INSTITUTE
INSULT -> I\INSULT
INSURANCE/INFECTION -> I\INSURANCE_INFECTION
INTERCOURSE -> I\INTERCOURSE
INTERESTING -> I\INTERESTING
INTERESTING+ZERO -> I\INTERESTING+ZERO
INTERNATIONAL -> I\INTERNATIONAL
INTERNET -> I\INTERNET
INTERPRET -> I\INTERPRET
INTERPRET+AGENT -> I\INTERPRET+AGENT
INTERRUPT -> I\INTERRUPT
INTERVIEW -> I\INTERVIEW
INTRODUCE -> I\INTRODUCE
INVEST -> I\INVEST
INVITE/HIRE -> I\INVITE_HIRE
IRON-CLOTHES -> I\IRON-CLOTHES
IRON-METAL -> I\IRON-METAL
ISLAND/INTEREST -> I\ISLAND_INTEREST
ISOLATED -> I\ISOLATED
IX -> I\IX
IX-honorific -> I\IX-honorific
J -> J\J
JACK-O-LANTERN -> J\JACK-O-LANTERN
JAW -> J\JAW
JEALOUS -> J\JEALOUS
JELLY -> J\JELLY
JELLYFISH -> J\JELLYFISH
JEWELRY -> J\JEWELRY
JEWISH -> J\JEWISH
JOIN -> J\JOIN
JUDGE -> J\JUDGE
JUGGLE -> J\JUGGLE
JUMP -> J\JUMP
JUMP-FORWARD -> J\JUMP-FORWARD
JUMPROPE -> J\JUMPROPE
JUNIOR -> J\JUNIOR
K -> K\K
KANGAROO -> K\KANGAROO
KARATE -> K\KARATE
KEEP -> K\KEEP
KEEP-IN-MIND -> K\KEEP-IN-MIND
KETCHUP -> K\KETCHUP
KEY -> K\KEY
KICK -> K\KICK
KICK-OFF -> K\KICK-OFF
KID -> K\KID
KIDNEY -> K\KIDNEY
KILL -> K\KILL
KIND -> K\KIND
KINDERGARTEN -> K\KINDERGARTEN
KING -> K\KING
KING+AREA -> K\KING+AREA
KISS -> K\KISS
KITCHEN -> K\KITCHEN
KITE -> K\KITE
KNEEL -> K\KNEEL
KNEELING -> K\KNEELING
KNIFE -> K\KNIFE
KNOCK -> K\KNOCK
KNOW -> K\KNOW
KNOW+NEG -> K\KNOW+NEG
KNOW+THAT -> K\KNOW+THAT
KNOW-NOTHING -> K\KNOW-NOTHING
KNOW-THAT -> K\KNOW-THAT
L -> L\L
LABEL -> L\LABEL
LACROSSE -> L\LACROSSE
LADDER -> L\LADDER
LAID-UP -> L\LAID-UP
LANGUAGE -> L\LANGUAGE
LANTERN -> L\LANTERN
LAP -> L\LAP
LAPTOP -> L\LAPTOP
LAST -> L\LAST
LAST-WEEK -> L\LAST-WEEK
LAST-YEAR -> L\LAST-YEAR
LATCH -> L\LATCH
LATE -> L\LATE
LATER -> L\LATER
LAUGH -> L\LAUGH
LAW -> L\LAW
LAW+AGENT -> L\LAW+AGENT
LAZY -> L\LAZY
LCL"path-turn-around" -> L\LCL"path-turn-around"
LCL:B-L"receive from heaven"+BOOK -> L\LCL:B-L"receive from heaven"+BOOK
LEAD -> L\LEAD
LEAD+AGENT -> L\LEAD+AGENT
LEAF -> L\LEAF
LEAK -> L\LEAK
LEARN -> L\LEARN
LEARN+AGENT -> L\LEARN+AGENT
LEATHER -> L\LEATHER
LEAVE -> L\LEAVE
LEAVE-THERE -> L\LEAVE-THERE
LECTURE -> L\LECTURE
LEFT -> L\LEFT
LEFT-ARM -> L\LEFT-ARM
LEG -> L\LEG
LEGAL-RIGHT -> L\LEGAL-RIGHT
LEGISLATURE -> L\LEGISLATURE
LEMON -> L\LEMON
LEND -> L\LEND
LESBIAN -> L\LESBIAN
LESS -> L\LESS
LESS-THAN -> L\LESS-THAN
LETTER/MAIL -> L\LETTER_MAIL
LIBRARY -> L\LIBRARY
LIBRARY+AGENT -> L\LIBRARY+AGENT
LICENSE -> L\LICENSE
LICK -> L\LICK
LID -> L\LID
LIE -> L\LIE
LIE-DOWN -> L\LIE-DOWN
LIFT -> L\LIFT
LIGHT -> L\LIGHT
LIGHT+HOUSE -> L\LIGHT+HOUSE
LIGHT+LIGHT-ON -> L\LIGHT+LIGHT-ON
LIGHT+LIGHT-OUT -> L\LIGHT+LIGHT-OUT
LIGHT-FLASH -> L\LIGHT-FLASH
LIGHT-MATCH -> L\LIGHT-MATCH
LIGHT-WEIGHT -> L\LIGHT-WEIGHT
LIGHTHOUSE -> L\LIGHTHOUSE
LIGHTNING -> L\LIGHTNING
LIKE -> L\LIKE
LIKE+NEG -> L\LIKE+NEG
LIMIT -> L\LIMIT
LINE -> L\LINE
LINE-UP -> L\LINE-UP
LINED-PAPER -> L\LINED-PAPER
LINGUISTICS -> L\LINGUISTICS
LION -> L\LION
LIP/MOUTH -> L\LIP_MOUTH
LIPREAD -> L\LIPREAD
LIPSTICK -> L\LIPSTICK
LIST -> L\LIST
LIST+DO-DO -> L\LIST+DO-DO
LIST-ORDER-IX -> L\LIST-ORDER-IX
LIST-ORDER-MIDDLE -> L\LIST-ORDER-MIDDLE
LIST-ORDER-PINKY -> L\LIST-ORDER-PINKY
LIST-ORDER-RING -> L\LIST-ORDER-RING
LIST-ORDER-THUMB -> L\LIST-ORDER-THUMB
LITTLE -> L\LITTLE
LITTLE-BIT -> L\LITTLE-BIT
LIVE -> L\LIVE
LIVE+BOX/ROOM -> L\LIVE+BOX_ROOM
LOBSTER -> L\LOBSTER
LOCAL -> L\LOCAL
LOCK -> L\LOCK
LOLLIPOP -> L\LOLLIPOP
LONELY -> L\LONELY
LONG -> L\LONG
LONG-AGO -> L\LONG-AGO
LONG-SLEEVE -> L\LONG-SLEEVE
LOOK -> L\LOOK
LOOK-BY-EYE -> L\LOOK-BY-EYE
LOOSE -> L\LOOSE
LORD -> L\LORD
LORD-GOD -> L\LORD-GOD
LOSE -> L\LOSE
LOSE-COMPETITION -> L\LOSE-COMPETITION
LOSE-WEIGHT -> L\LOSE-WEIGHT
LOTION -> L\LOTION
LOUDSPEAKER -> L\LOUDSPEAKER
LOUSY -> L\LOUSY
LOW -> L\LOW
LOWERCASE/TINY -> L\LOWERCASE_TINY
LUCKY -> L\LUCKY
LUNCH -> L\LUNCH
LUNGS -> L\LUNGS
LUTHERAN -> L\LUTHERAN
LUTHERAN+AGENT -> L\LUTHERAN+AGENT
M -> M\M
MACHINE -> M\MACHINE
MAD -> M\MAD
MAGAZINE -> M\MAGAZINE
MAGIC -> M\MAGIC
MAGNET -> M\MAGNET
MAJOR -> M\MAJOR
MAKE -> M\MAKE
MAKE-BUBBLES -> M\MAKE-BUBBLES
MALE-COUSIN -> M\MALE-COUSIN
MAN -> M\MAN
MANAGE/CONTROL -> M\MANAGE_CONTROL
MANAGE/CONTROL+AGENT -> M\MANAGE_CONTROL+AGENT
MANY -> M\MANY
MARCHING -> M\MARCHING
MARIJUANA -> M\MARIJUANA
MARIONETTE -> M\MARIONETTE
MARRY -> M\MARRY
MASK -> M\MASK
MATCH -> M\MATCH
MATERIAL -> M\MATERIAL
MATH -> M\MATH
MAXIMUM -> M\MAXIMUM
MAYBE -> M\MAYBE
MEASLES -> M\MEASLES
MEAT -> M\MEAT
MEDICAL-PATIENT -> M\MEDICAL-PATIENT
MEDICINE -> M\MEDICINE
MEDITATE -> M\MEDITATE
MEET -> M\MEET
MEETING -> M\MEETING
MELON/PUMPKIN -> M\MELON_PUMPKIN
MELT/SOLVE -> M\MELT_SOLVE
MEMBER -> M\MEMBER
MEMORIZE -> M\MEMORIZE
MENSTRUATE -> M\MENSTRUATE
MENTAL-SCAR -> M\MENTAL-SCAR
MENTALLY-RETARDED -> M\MENTALLY-RETARDED
MERGE/MAINSTREAM -> M\MERGE_MAINSTREAM
MESSED-UP -> M\MESSED-UP
METAL -> M\METAL
METHOD -> M\METHOD
MICROPHONE -> M\MICROPHONE
MICROWAVE -> M\MICROWAVE
MIDDLE -> M\MIDDLE
MIDDLE+WEST -> M\MIDDLE+WEST
MIDNIGHT -> M\MIDNIGHT
MILITARY -> M\MILITARY
MILK -> M\MILK
MILK-COW -> M\MILK-COW
MILLION -> M\MILLION
MILLION+AGENT -> M\MILLION+AGENT
MILLION_2+AGENT -> M\MILLION_2+AGENT
MIND -> M\MIND
MIND+BLOW-UP -> M\MIND+BLOW-UP
MIND+OFF-COURSE -> M\MIND+OFF-COURSE
MINOR -> M\MINOR
MINUTE -> M\MINUTE
MIRROR -> M\MIRROR
MISCOMMUNICATE -> M\MISCOMMUNICATE
MISS/ASSUME -> M\MISS_ASSUME
MISTAKE -> M\MISTAKE
MISUNDERSTAND -> M\MISUNDERSTAND
MIX-UP -> M\MIX-UP
MODEL -> M\MODEL
MOLD -> M\MOLD
MONDAY -> M\MONDAY
MONEY -> M\MONEY
MONEY+TRADE -> M\MONEY+TRADE
MONKEY -> M\MONKEY
MOOCH -> M\MOOCH
MOON -> M\MOON
MOOSE -> M\MOOSE
MOP -> M\MOP
MORE -> M\MORE
MORE-THAN -> M\MORE-THAN
MORNING -> M\MORNING
MOSQUE -> M\MOSQUE
MOSQUITO -> M\MOSQUITO
MOST -> M\MOST
MOTHER -> M\MOTHER
MOTHER+FATHER -> M\MOTHER+FATHER
MOTHER+LAW -> M\MOTHER+LAW
MOTIVATE -> M\MOTIVATE
MOTIVATE+AGENT -> M\MOTIVATE+AGENT
MOTOR -> M\MOTOR
MOTORCYCLE -> M\MOTORCYCLE
MOUNTAIN -> M\MOUNTAIN
MOUSE/FICTION -> M\MOUSE_FICTION
MOVE -> M\MOVE
MOVE-AROUND -> M\MOVE-AROUND
MOVE-AWAY -> M\MOVE-AWAY
MOVIE -> M\MOVIE
MOVIE+SQUARE -> M\MOVIE+SQUARE
MOW -> M\MOW
MUMPS -> M\MUMPS
MUSEUM -> M\MUSEUM
MUSIC -> M\MUSIC
MUSIC+AGENT -> M\MUSIC+AGENT
MUSIC+GROUP/TOGETHER -> M\MUSIC+GROUP_TOGETHER
MUSIC-RECORD -> M\MUSIC-RECORD
MUSLIM -> M\MUSLIM
MUST -> M\MUST
MUSTACHE -> M\MUSTACHE
MYSTERY -> M\MYSTERY
N -> N\N
NAB -> N\NAB
NAKED -> N\NAKED
NAME -> N\NAME
NAPKIN -> N\NAPKIN
NARROW-STREET -> N\NARROW-STREET
NATIVE -> N\NATIVE
NAVY -> N\NAVY
NEAR -> N\NEAR
NEAT -> N\NEAT
NECK -> N\NECK
NECKLACE -> N\NECKLACE
NECKTIE -> N\NECKTIE
NEGATIVE -> N\NEGATIVE
NEPHEW -> N\NEPHEW
NERVE/VEIN -> N\NERVE_VEIN
NERVOUS -> N\NERVOUS
NERVY -> N\NERVY
NET -> N\NET
NEUTRAL -> N\NEUTRAL
NEVER -> N\NEVER
NEW -> N\NEW
NEW+TESTAMENT -> N\NEW+TESTAMENT
NEXT -> N\NEXT
NEXT+AGENT -> N\NEXT+AGENT
NEXT-TO -> N\NEXT-TO
NEXT-WEEK -> N\NEXT-WEEK
NEXT-YEAR -> N\NEXT-YEAR
NIBBLE -> N\NIBBLE
NICE/CLEAN -> N\NICE_CLEAN
NIECE -> N\NIECE
NIGHT -> N\NIGHT
NINE -> N\NINE
NINE+HOUR -> N\NINE+HOUR
NINE-MONTHS -> N\NINE-MONTHS
NINE-WEEKS -> N\NINE-WEEKS
NINETEEN -> N\NINETEEN
NINETY-EIGHT -> N\NINETY-EIGHT
NINETY-NINE -> N\NINETY-NINE
NINETY-SEVEN -> N\NINETY-SEVEN
NINTH -> N\NINTH
NIPPLES -> N\NIPPLES
NO-PROBLEM -> N\NO-PROBLEM
NOISE -> N\NOISE
NOISE+RUMBLE -> N\NOISE+RUMBLE
NONE -> N\NONE
NONE/NOTHING -> N\NONE_NOTHING
NOON -> N\NOON
NORTH -> N\NORTH
NOSE -> N\NOSE
NOSE+OPPOSITE -> N\NOSE+OPPOSITE
NOT -> N\NOT
NOT+SATISFIED -> N\NOT+SATISFIED
NOT-CARE -> N\NOT-CARE
NOT-MIND -> N\NOT-MIND
NOT-MY-PROBLEM -> N\NOT-MY-PROBLEM
NOT-YET -> N\NOT-YET
NOTHING -> N\NOTHING
NOTHING-AT-ALL -> N\NOTHING-AT-ALL
NOTICE -> N\NOTICE
NOW -> N\NOW
NOW+DAY -> N\NOW+DAY
NUMBER -> N\NUMBER
NUN -> N\NUN
NURSE -> N\NURSE
NUT -> N\NUT
O -> O\O
OBESE -> O\OBESE
OBSCURE -> O\OBSCURE
OCEAN -> O\OCEAN
OCTOPUS -> O\OCTOPUS
OF-COURSE -> O\OF-COURSE
OFF -> O\OFF
OFFICE -> O\OFFICE
OFTEN -> O\OFTEN
OH-I-SEE -> O\OH-I-SEE
OIL -> O\OIL
OLD -> O\OLD
OLD+#FF -> O\OLD+#FF
OLD+AVERAGE -> O\OLD+AVERAGE
OLD+FIVE -> O\OLD+FIVE
OLD+FOUR -> O\OLD+FOUR
OLD+LESS-THAN -> O\OLD+LESS-THAN
OLD+ONE -> O\OLD+ONE
OLD+TESTAMENT -> O\OLD+TESTAMENT
OLD+THREE -> O\OLD+THREE
OLD+TWO -> O\OLD+TWO
ON -> O\ON
ONCE -> O\ONCE
ONCE-IN-A-WHILE -> O\ONCE-IN-A-WHILE
ONE -> O\ONE
ONE+HUNDRED -> O\ONE+HUNDRED
ONE+MILLION -> O\ONE+MILLION
ONE+MORE -> O\ONE+MORE
ONE+THOUSAND -> O\ONE+THOUSAND
ONE-FOURTH -> O\ONE-FOURTH
ONE-MONTH -> O\ONE-MONTH
ONE-MORE -> O\ONE-MORE
ONE-NIGHT-STAND -> O\ONE-NIGHT-STAND
ONE-THIRD -> O\ONE-THIRD
ONE-WEEK -> O\ONE-WEEK
ONION -> O\ONION
OPEN -> O\OPEN
OPEN-DOOR -> O\OPEN-DOOR
OPEN-WINDOW -> O\OPEN-WINDOW
OPINION -> O\OPINION
OPPORTUNITY -> O\OPPORTUNITY
OPPOSITE -> O\OPPOSITE
OPPOSITE+AGENT -> O\OPPOSITE+AGENT
OPTION -> O\OPTION
ORANGE -> O\ORANGE
ORBIT -> O\ORBIT
ORDER -> O\ORDER
ORGAN-MUSIC -> O\ORGAN-MUSIC
ORGANIZATION -> O\ORGANIZATION
ORTHODOX -> O\ORTHODOX
OTHER -> O\OTHER
OUT -> O\OUT
OVER/AFTER -> O\OVER_AFTER
OVERFLOW -> O\OVERFLOW
OVERHEAD-PROJECTOR -> O\OVERHEAD-PROJECTOR
OVERLOOK -> O\OVERLOOK
OVERWHELMED -> O\OVERWHELMED
OWL -> O\OWL
P -> P\P
PACK -> P\PACK
PADDLE/CANOE -> P\PADDLE_CANOE
PAGER -> P\PAGER
PAINT -> P\PAINT
PAINT+AGENT -> P\PAINT+AGENT
PANCAKE -> P\PANCAKE
PANTS -> P\PANTS
PAPER -> P\PAPER
PAPER+CLIP -> P\PAPER+CLIP
PAPER+SQUARE -> P\PAPER+SQUARE
PAPER-CHECK/CARD -> P\PAPER-CHECK_CARD
PARACHUTE -> P\PARACHUTE
PARAGRAPH -> P\PARAGRAPH
PARALLEL -> P\PARALLEL
PARANOID -> P\PARANOID
PARENTHESES -> P\PARENTHESES
PARK -> P\PARK
PARK+DROP-COINS -> P\PARK+DROP-COINS
PARLIAMENT -> P\PARLIAMENT
PARTICIPATE -> P\PARTICIPATE
PARTY -> P\PARTY
PASS -> P\PASS
PASS-DOWN -> P\PASS-DOWN
PASS-OUT -> P\PASS-OUT
PAST -> P\PAST
PAST+NIGHT -> P\PAST+NIGHT
PAST+YEAR -> P\PAST+YEAR
PAT-ON-BACK -> P\PAT-ON-BACK
PATIENT -> P\PATIENT
PATRONIZE/FREQUENT -> P\PATRONIZE_FREQUENT
PAY -> P\PAY
PAY+FINISH -> P\PAY+FINISH
PAY-ATTENTION -> P\PAY-ATTENTION
PAY-IN-FULL -> P\PAY-IN-FULL
PAY/SPEND -> P\PAY_SPEND
PCL:5"coming in" -> P\PCL:5"coming in"
PCL:5-C-L"crowd" -> P\PCL:5-C-L"crowd"
PEA-BRAIN -> P\PEA-BRAIN
PEACH -> P\PEACH
PEAK-MOUNTAIN -> P\PEAK-MOUNTAIN
PEAR -> P\PEAR
PEAS -> P\PEAS
PEEK-AROUND -> P\PEEK-AROUND
PENCIL -> P\PENCIL
PENGUIN -> P\PENGUIN
PENIS -> P\PENIS
PEOPLE -> P\PEOPLE
PEOPLE+AUDIENCE -> P\PEOPLE+AUDIENCE
PERCEIVE -> P\PERCEIVE
PERCENT -> P\PERCENT
PERFECT -> P\PERFECT
PERFUME -> P\PERFUME
PERIOD -> P\PERIOD
PERIOD-ON-PAGE -> P\PERIOD-ON-PAGE
PERMIT -> P\PERMIT
PERSON -> P\PERSON
PERSONALITY -> P\PERSONALITY
PERSPECTIVE -> P\PERSPECTIVE
PET/SPOILED -> P\PET_SPOILED
PHONE -> P\PHONE
PHONE+PUSH-BUTTONS -> P\PHONE+PUSH-BUTTONS
PHYSICAL -> P\PHYSICAL
PHYSICS -> P\PHYSICS
PIANO -> P\PIANO
PICK/CHOOSE -> P\PICK_CHOOSE
PICKLE -> P\PICKLE
PICNIC -> P\PICNIC
PICTURE -> P\PICTURE
PIE -> P\PIE
PIG -> P\PIG
PILGRIM -> P\PILGRIM
PILLOW -> P\PILLOW
PIMPLES -> P\PIMPLES
PIN -> P\PIN
PINEAPPLE -> P\PINEAPPLE
PING-PONG/TENNIS -> P\PING-PONG_TENNIS
PINK -> P\PINK
PIPE -> P\PIPE
PIRATE -> P\PIRATE
PISS-OFF -> P\PISS-OFF
PITCH-A-BALL -> P\PITCH-A-BALL
PITCHER -> P\PITCHER
PITY -> P\PITY
PIZZA -> P\PIZZA
PLACE -> P\PLACE
PLAN -> P\PLAN
PLANT-SEEDS -> P\PLANT-SEEDS
PLASTIC -> P\PLASTIC
PLAY -> P\PLAY
PLAY+AGENT -> P\PLAY+AGENT
PLAY+GROUND -> P\PLAY+GROUND
PLAY-AROUND -> P\PLAY-AROUND
PLEASE/ENJOY -> P\PLEASE_ENJOY
PLENTY -> P\PLENTY
PLUG -> P\PLUG
PLUS -> P\PLUS
PNEUMONIA -> P\PNEUMONIA
POCKET -> P\POCKET
POEM -> P\POEM
POETRY -> P\POETRY
POINT-TO -> P\POINT-TO
POKE -> P\POKE
POLICY -> P\POLICY
POLITE -> P\POLITE
POLITICS -> P\POLITICS
PONDER -> P\PONDER
POOR -> P\POOR
POP-CORK -> P\POP-CORK
POP-UP -> P\POP-UP
POPCORN -> P\POPCORN
POPE -> P\POPE
POSS -> P\POSS
POSTER -> P\POSTER
POSTPONE -> P\POSTPONE
POTATO -> P\POTATO
POUND/WEIGH -> P\POUND_WEIGH
POUR -> P\POUR
POWER -> P\POWER
POWERFUL -> P\POWERFUL
PRACTICE -> P\PRACTICE
PRAY -> P\PRAY
PREACH -> P\PREACH
PREACH+AGENT -> P\PREACH+AGENT
PREDICT -> P\PREDICT
PREDICT+AGENT -> P\PREDICT+AGENT
PREGNANT -> P\PREGNANT
PRESBYTERIAN -> P\PRESBYTERIAN
PRESIDENT -> P\PRESIDENT
PRESS-BUTTONS -> P\PRESS-BUTTONS
PRESSURE -> P\PRESSURE
PREVENT -> P\PREVENT
PRICE -> P\PRICE
PRIEST -> P\PRIEST
PRINCE -> P\PRINCE
PRINCESS -> P\PRINCESS
PRINCIPAL -> P\PRINCIPAL
PRINT -> P\PRINT
PRINT+AGENT -> P\PRINT+AGENT
PRIORITY -> P\PRIORITY
PRISON -> P\PRISON
PRISON+AGENT -> P\PRISON+AGENT
PRIZE-DRAWING -> P\PRIZE-DRAWING
PROBLEM -> P\PROBLEM
PROCEED -> P\PROCEED
PROFESSION -> P\PROFESSION
PROGRAM -> P\PROGRAM
PROGRESS -> P\PROGRESS
PROJECT -> P\PROJECT
PROMISCUOUS -> P\PROMISCUOUS
PROMISE -> P\PROMISE
PROPORTION -> P\PROPORTION
PROTEST -> P\PROTEST
PROTESTANT -> P\PROTESTANT
PROUD -> P\PROUD
PROVE -> P\PROVE
PSYCHIATRY -> P\PSYCHIATRY
PSYCHIATRY+AGENT -> P\PSYCHIATRY+AGENT
PSYCHOLOGY -> P\PSYCHOLOGY
PSYCHOLOGY+AGENT -> P\PSYCHOLOGY+AGENT
PUFF-SMOKE -> P\PUFF-SMOKE
PULL -> P\PULL
PULSATE -> P\PULSATE
PUMPS -> P\PUMPS
PUNCH -> P\PUNCH
PUNISH -> P\PUNISH
PUPPET -> P\PUPPET
PURPLE -> P\PURPLE
PURSE -> P\PURSE
PUSH -> P\PUSH
PUT -> P\PUT
PUT-ON-GLOVES -> P\PUT-ON-GLOVES
PUT-ON-HEARING-AID -> P\PUT-ON-HEARING-AID
PUT-ON-RING -> P\PUT-ON-RING
PUZZLE/PUSH-BUTTONS -> P\PUZZLE_PUSH-BUTTONS
Q -> Q\Q
Q-TIP -> Q\Q-TIP
QM -> Q\QM
QUADRUPLE -> Q\QUADRUPLE
QUEEN -> Q\QUEEN
QUESTION -> Q\QUESTION
QUIET -> Q\QUIET
QUINTUPLE -> Q\QUINTUPLE
QUIT -> Q\QUIT
QUOTE/TOPIC -> Q\QUOTE_TOPIC
R -> R\R
RABBI -> R\RABBI
RABBIT -> R\RABBIT
RACCOON -> R\RACCOON
RADIO -> R\RADIO
RAIN -> R\RAIN
RAINBOW -> R\RAINBOW
RAKE -> R\RAKE
RAM -> R\RAM
RAT -> R\RAT
RATTLE -> R\RATTLE
READ -> R\READ
READY -> R\READY
REALLY -> R\REALLY
REALLY+NICE/CLEAN -> R\REALLY+NICE_CLEAN
REALLY+POSS -> R\REALLY+POSS
REASON -> R\REASON
RECENT-PAST -> R\RECENT-PAST
RECLINE/ROCKING-CHAIR -> R\RECLINE_ROCKING-CHAIR
RECORD -> R\RECORD
RECORD/BREAK-RECORD -> R\RECORD_BREAK-RECORD
RECYCLE -> R\RECYCLE
RED -> R\RED
RED+BLACK+CHECKERS -> R\RED+BLACK+CHECKERS
RED+BLOOD -> R\RED+BLOOD
RED+BLUSH -> R\RED+BLUSH
RED+DCL"face" -> R\RED+DCL"face"
RED+SLICE -> R\RED+SLICE
RED+fs-BERRY -> R\RED+fs-BERRY
REDUCE -> R\REDUCE
REFER -> R\REFER
REFLECT -> R\REFLECT
REFUSE -> R\REFUSE
REGISTER -> R\REGISTER
REGULAR -> R\REGULAR
REINS -> R\REINS
REJECT -> R\REJECT
RELATIONSHIP -> R\RELATIONSHIP
RELATIONSHIP-OFF -> R\RELATIONSHIP-OFF
RELATIVE -> R\RELATIVE
RELAY-OPERATOR -> R\RELAY-OPERATOR
RELIGION -> R\RELIGION
REMEMBER -> R\REMEMBER
REMIND -> R\REMIND
REMOVE -> R\REMOVE
RENOVATION+AGENT -> R\RENOVATION+AGENT
REPAIR -> R\REPAIR
REPLACE -> R\REPLACE
REPORT -> R\REPORT
REPORT+AGENT -> R\REPORT+AGENT
REPUBLICAN -> R\REPUBLICAN
REQUEST -> R\REQUEST
REQUIRE -> R\REQUIRE
RESEARCH -> R\RESEARCH
RESPECT -> R\RESPECT
RESPONSIBILITY -> R\RESPONSIBILITY
REST -> R\REST
RESTAURANT -> R\RESTAURANT
RESTLESS -> R\RESTLESS
RESULT -> R\RESULT
RETIRE -> R\RETIRE
REVENGE -> R\REVENGE
REVIEW -> R\REVIEW
RIB -> R\RIB
RIBS -> R\RIBS
RICH -> R\RICH
RIDE -> R\RIDE
RIDE-ON -> R\RIDE-ON
RIFLE -> R\RIFLE
RIGHT -> R\RIGHT
RING -> R\RING
RIP -> R\RIP
RIVER -> R\RIVER
ROAD -> R\ROAD
ROCK -> R\ROCK
ROCKET -> R\ROCKET
ROLLER-BLADE -> R\ROLLER-BLADE
ROLLER-SKATE -> R\ROLLER-SKATE
ROLLING -> R\ROLLING
ROOMMATE -> R\ROOMMATE
ROOSTER -> R\ROOSTER
ROPE -> R\ROPE
ROUGH -> R\ROUGH
ROWING -> R\ROWING
ROYAL -> R\ROYAL
RUB -> R\RUB
RUBBER -> R\RUBBER
RUDE -> R\RUDE
RUIN -> R\RUIN
RULE -> R\RULE
RUN -> R\RUN
RUN-MACHINE -> R\RUN-MACHINE
RUN-OUT -> R\RUN-OUT
RUNNY-NOSE -> R\RUNNY-NOSE
S -> S\S
SAD -> S\SAD
SAFE -> S\SAFE
SAFE+AGENT -> S\SAFE+AGENT
SAFE_2+AGENT -> S\SAFE_2+AGENT
SAILBOAT -> S\SAILBOAT
SALAD -> S\SALAD
SALT -> S\SALT
SAME -> S\SAME
SAME-OLD -> S\SAME-OLD
SAME-TIME -> S\SAME-TIME
SANDWICH -> S\SANDWICH
SARCASM -> S\SARCASM
SATISFIED -> S\SATISFIED
SATURDAY -> S\SATURDAY
SAUCE -> S\SAUCE
SAUSAGE/HOT-DOG -> S\SAUSAGE_HOT-DOG
SAVE -> S\SAVE
SAVE-MONEY -> S\SAVE-MONEY
SAW -> S\SAW
SAY -> S\SAY
SCARF -> S\SCARF
SCHEDULE -> S\SCHEDULE
SCHOOL -> S\SCHOOL
SCIENCE -> S\SCIENCE
SCIENCE+AGENT -> S\SCIENCE+AGENT
SCL:3"vehicle"+DCL:1"speedometer" -> S\SCL:3"vehicle"+DCL:1"speedometer"
SCL:F"small circle" -> S\SCL:F"small circle"
SCL:V"person falling forward" -> S\SCL:V"person falling forward"
SCL:V"person falling in place" -> S\SCL:V"person falling in place"
SCL:V"person rolling around" -> S\SCL:V"person rolling around"
SCL:V"person walking up ladder" -> S\SCL:V"person walking up ladder"
SCL:V"person walking" -> S\SCL:V"person walking"
SCOLD -> S\SCOLD
SCOOTER -> S\SCOOTER
SCOUT -> S\SCOUT
SCRAPE -> S\SCRAPE
SCREAM -> S\SCREAM
SCREEN/FILTER -> S\SCREEN_FILTER
SCREEN/FILTER+WINDOW -> S\SCREEN_FILTER+WINDOW
SCREWDRIVER -> S\SCREWDRIVER
SCUBA -> S\SCUBA
SEARCH-FOR -> S\SEARCH-FOR
SEAT-BELT -> S\SEAT-BELT
SECOND -> S\SECOND
SECOND-IN-LIST -> S\SECOND-IN-LIST
SECOND-OF-TIME -> S\SECOND-OF-TIME
SECOND-PLACE -> S\SECOND-PLACE
SECRET -> S\SECRET
SECRET+HIDE -> S\SECRET+HIDE
SECRETARY -> S\SECRETARY
SEE -> S\SEE
SEE-SAW -> S\SEE-SAW
SEE-SEE -> S\SEE-SEE
SEEM -> S\SEEM
SELF -> S\SELF
SELL -> S\SELL
SEMESTER -> S\SEMESTER
SENATE -> S\SENATE
SEND -> S\SEND
SEND/MAIL -> S\SEND_MAIL
SENIOR -> S\SENIOR
SENIOR-CITIZEN -> S\SENIOR-CITIZEN
SENSITIVE -> S\SENSITIVE
SENTENCE -> S\SENTENCE
SEPARATE -> S\SEPARATE
SERIOUS -> S\SERIOUS
SERVICE -> S\SERVICE
SERVICE+AGENT -> S\SERVICE+AGENT
SET-UP -> S\SET-UP
SEVEN -> S\SEVEN
SEVEN+HOUR -> S\SEVEN+HOUR
SEVEN-HOURS -> S\SEVEN-HOURS
SEVEN-MONTHS -> S\SEVEN-MONTHS
SEVEN-WEEKS -> S\SEVEN-WEEKS
SEVENTEEN -> S\SEVENTEEN
SEVENTH -> S\SEVENTH
SEVENTY-EIGHT -> S\SEVENTY-EIGHT
SEVENTY-NINE -> S\SEVENTY-NINE
SEVENTY-SEVEN -> S\SEVENTY-SEVEN
SEVENTY-SIX -> S\SEVENTY-SIX
SEW -> S\SEW
SEX/GENDER -> S\SEX_GENDER
SHAKE-BY-HANDS -> S\SHAKE-BY-HANDS
SHAME -> S\SHAME
SHAMPOO -> S\SHAMPOO
SHAPE/STATUE -> S\SHAPE_STATUE
SHARP -> S\SHARP
SHAVE -> S\SHAVE
SHEARS/SHAVE -> S\SHEARS_SHAVE
SHEEP -> S\SHEEP
SHEET-CAKE -> S\SHEET-CAKE
SHELF/FLOOR -> S\SHELF_FLOOR
SHH+CONFIDENTIAL -> S\SHH+CONFIDENTIAL
SHINE -> S\SHINE
SHIP -> S\SHIP
SHOE -> S\SHOE
SHOE+HALF-LIMB -> S\SHOE+HALF-LIMB
SHOE-HEEL -> S\SHOE-HEEL
SHOOT -> S\SHOOT
SHOOT-ARROW -> S\SHOOT-ARROW
SHORE -> S\SHORE
SHORT -> S\SHORT
SHORT-HEIGHT -> S\SHORT-HEIGHT
SHORT-SLEEVE -> S\SHORT-SLEEVE
SHORTS -> S\SHORTS
SHOULD -> S\SHOULD
SHOVEL/DIG -> S\SHOVEL_DIG
SHOW -> S\SHOW
SHOW+AGENT -> S\SHOW+AGENT
SHOWER -> S\SHOWER
SHUT -> S\SHUT
SHUT-UP -> S\SHUT-UP
SHY -> S\SHY
SICK -> S\SICK
SICK/SILLY -> S\SICK_SILLY
SIDE -> S\SIDE
SIGN -> S\SIGN
SIGN+LANGUAGE -> S\SIGN+LANGUAGE
SIGNATURE -> S\SIGNATURE
SILLY -> S\SILLY
SILVER -> S\SILVER
SIMMER -> S\SIMMER
SIMPLE -> S\SIMPLE
SISTER -> S\SISTER
SIT -> S\SIT
SIT+DCL:crvd-B"couch shaped object" -> S\SIT+DCL:crvd-B"couch shaped object"
SITUATION -> S\SITUATION
SIX -> S\SIX
SIX+HOUR -> S\SIX+HOUR
SIX-DOLLARS -> S\SIX-DOLLARS
SIX-HOURS -> S\SIX-HOURS
SIX-MONTHS -> S\SIX-MONTHS
SIX-WEEKS -> S\SIX-WEEKS
SIXTEEN -> S\SIXTEEN
SIXTH -> S\SIXTH
SIXTY-EIGHT -> S\SIXTY-EIGHT
SIXTY-NINE -> S\SIXTY-NINE
SIXTY-SEVEN -> S\SIXTY-SEVEN
SIXTY-SIX -> S\SIXTY-SIX
SIZE -> S\SIZE
SKI -> S\SKI
SKILL -> S\SKILL
SKIN -> S\SKIN
SKIRT -> S\SKIRT
SKUNK -> S\SKUNK
SKY -> S\SKY
SKYSCRAPER -> S\SKYSCRAPER
SLAVE -> S\SLAVE
SLEEP -> S\SLEEP
SLEEP+DRESS/CLOTHES -> S\SLEEP+DRESS_CLOTHES
SLICE -> S\SLICE
SLIDING-DOORS -> S\SLIDING-DOORS
SLIM -> S\SLIM
SLIPPER -> S\SLIPPER
SLIPPERY -> S\SLIPPERY
SLOW -> S\SLOW
SMALL -> S\SMALL
SMELL -> S\SMELL
SMELLY -> S\SMELLY
SMILE -> S\SMILE
SMOKE -> S\SMOKE
SMOOTH -> S\SMOOTH
SMOOTH-SURFACE -> S\SMOOTH-SURFACE
SNAKE -> S\SNAKE
SNAKE+WAG -> S\SNAKE+WAG
SNEEZE -> S\SNEEZE
SNOB -> S\SNOB
SNORKEL -> S\SNORKEL
SNOW -> S\SNOW
SNOW+MOTORCYCLE -> S\SNOW+MOTORCYCLE
SNOWBOARD -> S\SNOWBOARD
SNOWMOBILE -> S\SNOWMOBILE
SO-SO -> S\SO-SO
SOAP -> S\SOAP
SOCIAL-WORK -> S\SOCIAL-WORK
SOCIAL/INTERACT -> S\SOCIAL_INTERACT
SOCIETY -> S\SOCIETY
SOCKS -> S\SOCKS
SODA -> S\SODA
SOFT -> S\SOFT
SOME -> S\SOME
SOMETHING/ONE -> S\SOMETHING_ONE
SOMETIMES -> S\SOMETIMES
SON -> S\SON
SOON -> S\SOON
SOPHISTICATED -> S\SOPHISTICATED
SOPHOMORE -> S\SOPHOMORE
SORRY -> S\SORRY
SOUP -> S\SOUP
SOUTH -> S\SOUTH
SOUTH+ns-AFRICA -> S\SOUTH+ns-AFRICA
SPAGHETTI -> S\SPAGHETTI
SPANK -> S\SPANK
SPEAKERS -> S\SPEAKERS
SPECIAL/EXCEPT -> S\SPECIAL_EXCEPT
SPECIALTY -> S\SPECIALTY
SPEECH/ORAL -> S\SPEECH_ORAL
SPELL -> S\SPELL
SPEND -> S\SPEND
SPICY -> S\SPICY
SPIDER -> S\SPIDER
SPILL -> S\SPILL
SPIN -> S\SPIN
SPIT -> S\SPIT
SPREAD -> S\SPREAD
SPRINKLER -> S\SPRINKLER
SQUARE -> S\SQUARE
SQUARED -> S\SQUARED
SQUIRREL -> S\SQUIRREL
STAB -> S\STAB
STAGE -> S\STAGE
STAMP -> S\STAMP
STAMP-SEAL -> S\STAMP-SEAL
STAND -> S\STAND
STAND-UP -> S\STAND-UP
STAND-UP+ASCEND -> S\STAND-UP+ASCEND
STAR -> S\STAR
START -> S\START
STATE -> S\STATE
STATISTICS -> S\STATISTICS
STAY -> S\STAY
STEAL -> S\STEAL
STEALTHY -> S\STEALTHY
STEAM -> S\STEAM
STEEP -> S\STEEP
STEPLADDER -> S\STEPLADDER
STEPS -> S\STEPS
STICKY -> S\STICKY
STILL -> S\STILL
STIMULATE -> S\STIMULATE
STING -> S\STING
STING-FACE -> S\STING-FACE
STINK -> S\STINK
STIR -> S\STIR
STITCH -> S\STITCH
STOMACH -> S\STOMACH
STOP -> S\STOP
STOPLIGHT -> S\STOPLIGHT
STORM/CLOUDS -> S\STORM_CLOUDS
STORY -> S\STORY
STORY+AGENT -> S\STORY+AGENT
STORY-TELL -> S\STORY-TELL
STRAIGHT -> S\STRAIGHT
STRANGE -> S\STRANGE
STRANGLE -> S\STRANGLE
STRAW -> S\STRAW
STRAWBERRY -> S\STRAWBERRY
STRAY/DEVIATE -> S\STRAY_DEVIATE
STRICT -> S\STRICT
STRING -> S\STRING
STRIP -> S\STRIP
STRIP-PAINT -> S\STRIP-PAINT
STRIPES -> S\STRIPES
STRONG -> S\STRONG
STRUCTURE -> S\STRUCTURE
STRUGGLE -> S\STRUGGLE
STUBBORN -> S\STUBBORN
STUCK -> S\STUCK
STUDY -> S\STUDY
STUPID -> S\STUPID
SUBSCRIBE -> S\SUBSCRIBE
SUBTRACT -> S\SUBTRACT
SUBWAY -> S\SUBWAY
SUCCEED -> S\SUCCEED
SUFFER -> S\SUFFER
SUGAR/SWEET -> S\SUGAR_SWEET
SUGGEST -> S\SUGGEST
SUITCASE -> S\SUITCASE
SULK -> S\SULK
SUMMARIZE -> S\SUMMARIZE
SUMMER -> S\SUMMER
SUMMON -> S\SUMMON
SUN -> S\SUN
SUNDAY -> S\SUNDAY
SUNRISE -> S\SUNRISE
SUNSET -> S\SUNSET
SUNSHINE -> S\SUNSHINE
SUPERIOR -> S\SUPERIOR
SUPERVISE -> S\SUPERVISE
SUPERVISE+AGENT -> S\SUPERVISE+AGENT
SUPPORT -> S\SUPPORT
SUPPORT+AGENT -> S\SUPPORT+AGENT
SURFACE -> S\SURFACE
SURGERY -> S\SURGERY
SURPRISE -> S\SURPRISE
SURROUND -> S\SURROUND
SUSPECT -> S\SUSPECT
SUSPEND -> S\SUSPEND
SWALLOW -> S\SWALLOW
SWEAR -> S\SWEAR
SWEAT -> S\SWEAT
SWEATER -> S\SWEATER
SWEETHEART -> S\SWEETHEART
SWIM -> S\SWIM
SWING -> S\SWING
SWITCH -> S\SWITCH
SYMBOL -> S\SYMBOL
SYSTEM -> S\SYSTEM
T -> T\T
TABLE -> T\TABLE
TAIL -> T\TAIL
TAKE -> T\TAKE
TAKE-A-HIKE -> T\TAKE-A-HIKE
TAKE-ADVANTAGE -> T\TAKE-ADVANTAGE
TAKE-BREAK -> T\TAKE-BREAK
TAKE-NOTES -> T\TAKE-NOTES
TAKE-OFF -> T\TAKE-OFF
TAKE-PICTURE -> T\TAKE-PICTURE
TAKE-PILL -> T\TAKE-PILL
TAKE-SUBWAY -> T\TAKE-SUBWAY
TAKE-TRAIN -> T\TAKE-TRAIN
TAKE-UP -> T\TAKE-UP
TALK -> T\TALK
TALK-OVER -> T\TALK-OVER
TALK-TO-SELF -> T\TALK-TO-SELF
TALL -> T\TALL
TAN -> T\TAN
TANK-TOP -> T\TANK-TOP
TAP-DANCE -> T\TAP-DANCE
TAPE -> T\TAPE
TAPE-RECORDING -> T\TAPE-RECORDING
TASTE -> T\TASTE
TATTLE -> T\TATTLE
TATTOO -> T\TATTOO
TEA -> T\TEA
TEACH -> T\TEACH
TEACH+AGENT -> T\TEACH+AGENT
TEAM -> T\TEAM
TEASE -> T\TEASE
TECHNOLOGY+AGENT -> T\TECHNOLOGY+AGENT
TEENAGER -> T\TEENAGER
TEETH -> T\TEETH
TELESCOPE -> T\TELESCOPE
TELL -> T\TELL
TEMPERATURE -> T\TEMPERATURE
TEMPLE -> T\TEMPLE
TEMPT -> T\TEMPT
TEN -> T\TEN
TEN+EIGHT -> T\TEN+EIGHT
TEND -> T\TEND
TEST -> T\TEST
TEXTING -> T\TEXTING
THAN -> T\THAN
THANK-YOU+SUGGEST -> T\THANK-YOU+SUGGEST
THANKSGIVING -> T\THANKSGIVING
THAT -> T\THAT
THEN -> T\THEN
THEORY -> T\THEORY
THEREFORE -> T\THEREFORE
THERMOMETER -> T\THERMOMETER
THESE -> T\THESE
THICK -> T\THICK
THIEF -> T\THIEF
THIN -> T\THIN
THING -> T\THING
THINK -> T\THINK
THINK+AGREE -> T\THINK+AGREE
THINK+DECIDE -> T\THINK+DECIDE
THINK+FAITH -> T\THINK+FAITH
THINK+FOCUS/NARROW -> T\THINK+FOCUS_NARROW
THINK+GENERAL -> T\THINK+GENERAL
THINK+GRAB-CHANCE -> T\THINK+GRAB-CHANCE
THINK+MARRY -> T\THINK+MARRY
THINK+MEAN -> T\THINK+MEAN
THINK+MESSED-UP -> T\THINK+MESSED-UP
THINK+MIX-UP -> T\THINK+MIX-UP
THINK+OPPOSITE -> T\THINK+OPPOSITE
THINK+PASS-OUT -> T\THINK+PASS-OUT
THINK+SHOCK -> T\THINK+SHOCK
THINK+TALK-TO-SELF -> T\THINK+TALK-TO-SELF
THINK-ABOUT -> T\THINK-ABOUT
THINK-OVER -> T\THINK-OVER
THIRD -> T\THIRD
THIRD-IN-LIST -> T\THIRD-IN-LIST
THIRD-PLACE -> T\THIRD-PLACE
THIRSTY -> T\THIRSTY
THIRTEEN -> T\THIRTEEN
THIRTY -> T\THIRTY
THIRTY-THREE -> T\THIRTY-THREE
THIS-PLACE -> T\THIS-PLACE
THOUSAND -> T\THOUSAND
THREE -> T\THREE
THREE-FOURTHS -> T\THREE-FOURTHS
THREE-HOUR -> T\THREE-HOUR
THREE-MONTHS -> T\THREE-MONTHS
THREE-MORE -> T\THREE-MORE
THREE-WEEKS -> T\THREE-WEEKS
THREE_2+HOUR -> T\THREE_2+HOUR
THRILL/WHAT'S-UP -> T\THRILL_WHAT'S-UP
THROAT -> T\THROAT
THROAT-HURT -> T\THROAT-HURT
THROUGH -> T\THROUGH
THROW -> T\THROW
THROW-AWAY -> T\THROW-AWAY
THROW-BALL -> T\THROW-BALL
THROW-BASKETBALL -> T\THROW-BASKETBALL
THROW-SOFTBALL -> T\THROW-SOFTBALL
THUMB -> T\THUMB
THUMBS-UP/GOOD -> T\THUMBS-UP_GOOD
THUMBTACK/BUTTON -> T\THUMBTACK_BUTTON
THURSDAY -> T\THURSDAY
TICKLE -> T\TICKLE
TIE -> T\TIE
TIGER -> T\TIGER
TIME -> T\TIME
TIME+"WHAT" -> T\TIME+"WHAT"
TIME+DCL"circular object" -> T\TIME+DCL"circular object"
TIME-PERIOD -> T\TIME-PERIOD
TIPTOE -> T\TIPTOE
TIRED -> T\TIRED
TO-FOOL -> T\TO-FOOL
TO/UNTIL -> T\TO_UNTIL
TOAST -> T\TOAST
TOBACCO -> T\TOBACCO
TOGETHER/GO-STEADY -> T\TOGETHER_GO-STEADY
TOILET -> T\TOILET
TOMATO -> T\TOMATO
TOMORROW -> T\TOMORROW
TONGUE -> T\TONGUE
TOOTH/GLASS -> T\TOOTH_GLASS
TOOTHBRUSH -> T\TOOTHBRUSH
TOOTHPASTE -> T\TOOTHPASTE
TOP -> T\TOP
TORNADO -> T\TORNADO
TORTURE -> T\TORTURE
TOSS -> T\TOSS
TOTAL -> T\TOTAL
TOUCH -> T\TOUCH
TOUCH-HEART -> T\TOUCH-HEART
TOUGH -> T\TOUGH
TOURNAMENT -> T\TOURNAMENT
TOWEL -> T\TOWEL
TRACE-HEART -> T\TRACE-HEART
TRADITION -> T\TRADITION
TRAFFIC -> T\TRAFFIC
TRAIN -> T\TRAIN
TRANSFER -> T\TRANSFER
TRANSLATE -> T\TRANSLATE
TRANSPORTATION -> T\TRANSPORTATION
TRAP -> T\TRAP
TRASH/BAG -> T\TRASH_BAG
TRAVEL -> T\TRAVEL
TREAT -> T\TREAT
TREE -> T\TREE
TREE+DCL"branch" -> T\TREE+DCL"branch"
TRIGONOMETRY -> T\TRIGONOMETRY
TRIM -> T\TRIM
TRIM-HEDGE -> T\TRIM-HEDGE
TRIP -> T\TRIP
TRIPLE -> T\TRIPLE
TROMBONE -> T\TROMBONE
TROPHY -> T\TROPHY
TROUBLE -> T\TROUBLE
TRUMPET -> T\TRUMPET
TRY -> T\TRY
TUESDAY -> T\TUESDAY
TUNNEL -> T\TUNNEL
TURN -> T\TURN
TURN+BROTHER -> T\TURN+BROTHER
TURN+FATHER -> T\TURN+FATHER
TURN+GIRL+CORRECT -> T\TURN+GIRL+CORRECT
TURN+MOTHER -> T\TURN+MOTHER
TURN+SISTER -> T\TURN+SISTER
TURN-DOWN -> T\TURN-DOWN
TURN-PAGE -> T\TURN-PAGE
TURTLE -> T\TURTLE
TUTOR -> T\TUTOR
TWELVE -> T\TWELVE
TWENTY -> T\TWENTY
TWENTY-FIVE -> T\TWENTY-FIVE
TWENTY-ONE -> T\TWENTY-ONE
TWENTY-THREE -> T\TWENTY-THREE
TWENTY-TWO -> T\TWENTY-TWO
TWICE -> T\TWICE
TWINS -> T\TWINS
TWIST -> T\TWIST
TWO -> T\TWO
TWO-HOURS -> T\TWO-HOURS
TWO-MONTHS -> T\TWO-MONTHS
TWO-MORE -> T\TWO-MORE
TWO-WEEKS -> T\TWO-WEEKS
TWO_2+HOUR -> T\TWO_2+HOUR
TYPE -> T\TYPE
TYPEWRITER -> T\TYPEWRITER
U -> U\U
UGLY -> U\UGLY
UMBRELLA -> U\UMBRELLA
UNCLE -> U\UNCLE
UNDER -> U\UNDER
UNDERPANTS -> U\UNDERPANTS
UNDERSTAND -> U\UNDERSTAND
UNDERWEAR/PRECIOUS -> U\UNDERWEAR_PRECIOUS
UNIFORM -> U\UNIFORM
UNIVERSE -> U\UNIVERSE
UNIVERSITY -> U\UNIVERSITY
UP -> U\UP
UP-AHEAD -> U\UP-AHEAD
UP-TO-NOW -> U\UP-TO-NOW
UPPER -> U\UPPER
UPSET -> U\UPSET
UPSIDE-DOWN -> U\UPSIDE-DOWN
UPSTAIRS -> U\UPSTAIRS
URGE -> U\URGE
USE -> U\USE
USE+AGENT -> U\USE+AGENT
USE-SIGN-LANGUAGE -> U\USE-SIGN-LANGUAGE
USED-TO -> U\USED-TO
V -> V\V
VACATION -> V\VACATION
VACUUM -> V\VACUUM
VACUUM-UP -> V\VACUUM-UP
VAGINA -> V\VAGINA
VAGUE -> V\VAGUE
VAIN -> V\VAIN
VALLEY -> V\VALLEY
VANILLA -> V\VANILLA
VARY -> V\VARY
VEGETABLE -> V\VEGETABLE
VERY -> V\VERY
VERY-FAST -> V\VERY-FAST
VETO/REJECT -> V\VETO_REJECT
VIBRATE -> V\VIBRATE
VICE-PRESIDENT -> V\VICE-PRESIDENT
VIDEO-CAMERA -> V\VIDEO-CAMERA
VIDEOTAPE -> V\VIDEOTAPE
VINEGAR -> V\VINEGAR
VIOLIN -> V\VIOLIN
VIRGIN -> V\VIRGIN
VIRGIN+fs-MARY -> V\VIRGIN+fs-MARY
VIRGIN-MARY -> V\VIRGIN-MARY
VISIT -> V\VISIT
VISIT+AGENT -> V\VISIT+AGENT
VISUALIZE -> V\VISUALIZE
VOCABULARY -> V\VOCABULARY
VODKA -> V\VODKA
VOICE -> V\VOICE
VOICE+TEMPERATURE/PITCH -> V\VOICE+TEMPERATURE_PITCH
VOLLEYBALL -> V\VOLLEYBALL
VOLUNTEER/SHIRT -> V\VOLUNTEER_SHIRT
VOMIT -> V\VOMIT
VOTE -> V\VOTE
W -> W\W
WAG -> W\WAG
WAIST -> W\WAIST
WAIT -> W\WAIT
WAIT-A-MINUTE -> W\WAIT-A-MINUTE
WAKE-UP -> W\WAKE-UP
WALK -> W\WALK
WALL -> W\WALL
WALLET -> W\WALLET
WANT -> W\WANT
WANT+NEG -> W\WANT+NEG
WAR -> W\WAR
WARM -> W\WARM
WARN -> W\WARN
WASH -> W\WASH
WASH+DISH -> W\WASH+DISH
WASH-DISH -> W\WASH-DISH
WASH-FACE -> W\WASH-FACE
WASH-HANDS -> W\WASH-HANDS
WASHING-MACHINE -> W\WASHING-MACHINE
WASHING-MACHINE+SOAP -> W\WASHING-MACHINE+SOAP
WASTE -> W\WASTE
WATCH -> W\WATCH
WATER -> W\WATER
WATER+BCL"drinking from a water fountain" -> W\WATER+BCL"drinking from a water fountain"
WATER+DCL"round flat" -> W\WATER+DCL"round flat"
WATER+FLOW -> W\WATER+FLOW
WATER+MELON/PUMPKIN -> W\WATER+MELON_PUMPKIN
WATER+OCEAN -> W\WATER+OCEAN
WATER+RIVER -> W\WATER+RIVER
WATER+SCL:5"waterfall" -> W\WATER+SCL:5"waterfall"
WATER+SPRINKLER -> W\WATER+SPRINKLER
WATER+WATER-RISE -> W\WATER+WATER-RISE
WATER-PUMP -> W\WATER-PUMP
WATER-RISE -> W\WATER-RISE
WATERMELON -> W\WATERMELON
WAVE-GOODBYE -> W\WAVE-GOODBYE
WEAK -> W\WEAK
WEALTHY -> W\WEALTHY
WEATHER -> W\WEATHER
WEAVE -> W\WEAVE
WEDDING -> W\WEDDING
WEDNESDAY -> W\WEDNESDAY
WEEKEND -> W\WEEKEND
WELCOME -> W\WELCOME
WEST -> W\WEST
WET -> W\WET
WHALE -> W\WHALE
WHAT -> W\WHAT
WHEEL -> W\WHEEL
WHEEL+CART -> W\WHEEL+CART
WHEELBARROW -> W\WHEELBARROW
WHEELCHAIR -> W\WHEELCHAIR
WHEN -> W\WHEN
WHERE -> W\WHERE
WHEW/RELIEVED -> W\WHEW_RELIEVED
WHICH -> W\WHICH
WHIP -> W\WHIP
WHISKERS -> W\WHISKERS
WHISPER -> W\WHISPER
WHISTLE -> W\WHISTLE
WHITE -> W\WHITE
WHITE+CHALK -> W\WHITE+CHALK
WHITE+FACE -> W\WHITE+FACE
WHO -> W\WHO
WHY -> W\WHY
WIDE -> W\WIDE
WIFE -> W\WIFE
WILD -> W\WILD
WILD-ABOUT -> W\WILD-ABOUT
WIN -> W\WIN
WIND -> W\WIND
WINDOW -> W\WINDOW
WINE -> W\WINE
WINE+POP-CORK -> W\WINE+POP-CORK
WINE-BOTTLE -> W\WINE-BOTTLE
WISDOM -> W\WISDOM
WITCH -> W\WITCH
WITH -> W\WITH
WITH+NEG -> W\WITH+NEG
WOLF -> W\WOLF
WOMAN -> W\WOMAN
WONDER -> W\WONDER
WOOD -> W\WOOD
WORD -> W\WORD
WORK -> W\WORK
WORK-OUT -> W\WORK-OUT
WORKSHOP -> W\WORKSHOP
WORLD -> W\WORLD
WORM -> W\WORM
WORRY -> W\WORRY
WORSE -> W\WORSE
WORTH -> W\WORTH
WORTH+NEG -> W\WORTH+NEG
WOW -> W\WOW
WOW/AWFUL -> W\WOW_AWFUL
WRAP -> W\WRAP
WRENCH/PLUMBING -> W\WRENCH_PLUMBING
WRESTLE+AGENT -> W\WRESTLE+AGENT
WRIST -> W\WRIST
WRITE -> W\WRITE
WRITE+AGENT -> W\WRITE+AGENT
WRONG -> W\WRONG
X -> X\X
XYLOPHONE -> X\XYLOPHONE
Y -> Y\Y
YAWN -> Y\YAWN
YEAR -> Y\YEAR
YELLOW -> Y\YELLOW
YES -> Y\YES
YESTERDAY -> Y\YESTERDAY
YOM-KIPPUR -> Y\YOM-KIPPUR
YOUNG -> Y\YOUNG
Z -> Z\Z
ZERO -> Z\ZERO
ZIPPER -> Z\ZIPPER
ZITS -> Z\ZITS
fs-BEAVER -> B\fs-BEAVER
fs-BLOUSE -> B\fs-BLOUSE
fs-CHECKERS -> C\fs-CHECKERS
fs-FEATHER -> F\fs-FEATHER
fs-FEET -> F\fs-FEET
fs-GRAVITY -> G\fs-GRAVITY
fs-HALL -> H\fs-HALL
fs-HELL -> H\fs-HELL
fs-HOLY -> H\fs-HOLY
fs-I+PHONE -> I\fs-I+PHONE
fs-ICE+ICE-SKATE -> I\fs-ICE+ICE-SKATE
fs-JELLY -> J\fs-JELLY
fs-JELLY+FISH -> J\fs-JELLY+FISH
fs-JEWELRY -> J\fs-JEWELRY
fs-LAKE -> L\fs-LAKE
fs-MAYO -> M\fs-MAYO
fs-MAYO+ICL"spread with knife" -> M\fs-MAYO+ICL"spread with knife"
fs-PICKLE -> P\fs-PICKLE
fs-REHAB -> R\fs-REHAB
fs-TATTOO -> T\fs-TATTOO
fs-WART -> W\fs-WART
ns-#FLA -> #\ns-#FLA
ns-#HI -> #\ns-#HI
ns-#KC -> #\ns-#KC
ns-#LA -> #\ns-#LA
ns-#SD -> #\ns-#SD
ns-#SF -> #\ns-#SF
ns-#US -> #\ns-#US
ns-AFRICA -> A\ns-AFRICA
ns-AFRICA+ns-AMERICA+AGENT -> A\ns-AFRICA+ns-AMERICA+AGENT
ns-AMERICA -> A\ns-AMERICA
ns-AMERICA+SIGN+LANGUAGE -> A\ns-AMERICA+SIGN+LANGUAGE
ns-AMERICAN-INDIAN -> A\ns-AMERICAN-INDIAN
ns-ARIZONA -> A\ns-ARIZONA
ns-ASIA -> A\ns-ASIA
ns-ATHENS -> A\ns-ATHENS
ns-ATLANTA -> A\ns-ATLANTA
ns-AUSTRALIA -> A\ns-AUSTRALIA
ns-BALTIMORE -> B\ns-BALTIMORE
ns-BANGLADESH -> B\ns-BANGLADESH
ns-BELGIUM -> B\ns-BELGIUM
ns-BOSTON -> B\ns-BOSTON
ns-BRITAIN -> B\ns-BRITAIN
ns-BULGARIA -> B\ns-BULGARIA
ns-BURGER-KING -> B\ns-BURGER-KING
ns-CENTRAL-AMERICA -> C\ns-CENTRAL-AMERICA
ns-CHARLOTTE -> C\ns-CHARLOTTE
ns-CHICAGO -> C\ns-CHICAGO
ns-CHINA -> C\ns-CHINA
ns-COKE -> C\ns-COKE
ns-COLOR+fs-DO -> C\ns-COLOR+fs-DO
ns-COLORADO -> C\ns-COLORADO
ns-COLUMBIA -> C\ns-COLUMBIA
ns-COSTA-RICA -> C\ns-COSTA-RICA
ns-DALLAS -> D\ns-DALLAS
ns-DETROIT -> D\ns-DETROIT
ns-ECUADOR -> E\ns-ECUADOR
ns-EGYPT -> E\ns-EGYPT
ns-EL-SALVADOR -> E\ns-EL-SALVADOR
ns-ENGLAND/ENGLISH -> E\ns-ENGLAND_ENGLISH
ns-EUROPE -> E\ns-EUROPE
ns-FORT-WORTH -> F\ns-FORT-WORTH
ns-FORT-WORTH-DALLAS -> F\ns-FORT-WORTH-DALLAS
ns-FRANCE -> F\ns-FRANCE
ns-GALLAUDET -> G\ns-GALLAUDET
ns-GERMANY -> G\ns-GERMANY
ns-GOLDENHES -> G\ns-GOLDENHES
ns-GREECE -> G\ns-GREECE
ns-HAWAII -> H\ns-HAWAII
ns-HOLLYWOOD -> H\ns-HOLLYWOOD
ns-HOUSTON -> H\ns-HOUSTON
ns-HUNGARY -> H\ns-HUNGARY
ns-INDIA -> I\ns-INDIA
ns-IRAQ -> I\ns-IRAQ
ns-IRELAND -> I\ns-IRELAND
ns-ISLAND-HAITI -> I\ns-ISLAND-HAITI
ns-ISRAEL -> I\ns-ISRAEL
ns-ITALY -> I\ns-ITALY
ns-JESUS -> J\ns-JESUS
ns-JESUS+AGENT -> J\ns-JESUS+AGENT
ns-JESUS+BOOK -> J\ns-JESUS+BOOK
ns-LINCOLN -> L\ns-LINCOLN
ns-LONDON -> L\ns-LONDON
ns-MAINE -> M\ns-MAINE
ns-MCDONALD -> M\ns-MCDONALD
ns-MEXICO -> M\ns-MEXICO
ns-MEXICO/SPAIN -> M\ns-MEXICO_SPAIN
ns-MIAMI -> M\ns-MIAMI
ns-MICKEY-MOUSE -> M\ns-MICKEY-MOUSE
ns-MONTANA -> M\ns-MONTANA
ns-MOSES -> M\ns-MOSES
ns-NETHERLANDS -> N\ns-NETHERLANDS
ns-NEW-ORLEANS -> N\ns-NEW-ORLEANS
ns-NEW-YORK -> N\ns-NEW-YORK
ns-NIGERIA -> N\ns-NIGERIA
ns-NORTH-AMERICA -> N\ns-NORTH-AMERICA
ns-PARIS -> P\ns-PARIS
ns-PEPSI -> P\ns-PEPSI
ns-PHILADELPHIA -> P\ns-PHILADELPHIA
ns-PINOCCHIO -> P\ns-PINOCCHIO
ns-PITTSBURGH -> P\ns-PITTSBURGH
ns-PORTUGAL -> P\ns-PORTUGAL
ns-PUERTO-RICO -> P\ns-PUERTO-RICO
ns-QUEBEC -> Q\ns-QUEBEC
ns-RICHMOND -> R\ns-RICHMOND
ns-RUSSIA -> R\ns-RUSSIA
ns-SANTA-CLAUS -> S\ns-SANTA-CLAUS
ns-SCOTLAND -> S\ns-SCOTLAND
ns-SINGAPORE -> S\ns-SINGAPORE
ns-SWEDEN -> S\ns-SWEDEN
ns-SWITZERLAND -> S\ns-SWITZERLAND
ns-TEXAS -> T\ns-TEXAS
ns-VIETNAM -> V\ns-VIETNAM
ns-WASHINGTON -> W\ns-WASHINGTON
ns-WASHINGTON+fs-DC -> W\ns-WASHINGTON+fs-DC
ns-fs-BEIJING -> F\ns-fs-BEIJING
ns-fs-CHILE -> F\ns-fs-CHILE
ns-fs-COKE -> F\ns-fs-COKE
ns-fs-DALLAS -> F\ns-fs-DALLAS
ns-fs-JORDAN -> F\ns-fs-JORDAN
ns-nat-AMSTERDAM -> N\ns-nat-AMSTERDAM
ns-nat-AUSTRALIA -> N\ns-nat-AUSTRALIA
ns-nat-AUSTRIA -> N\ns-nat-AUSTRIA
ns-nat-BEIJING -> N\ns-nat-BEIJING
ns-nat-BOLIVIA -> N\ns-nat-BOLIVIA
ns-nat-BOMBAY -> N\ns-nat-BOMBAY
ns-nat-BRAZIL -> N\ns-nat-BRAZIL
ns-nat-CANADA -> N\ns-nat-CANADA
ns-nat-CHILE -> N\ns-nat-CHILE
ns-nat-CHINA -> N\ns-nat-CHINA
ns-nat-CUBA -> N\ns-nat-CUBA
ns-nat-DENMARK -> N\ns-nat-DENMARK
ns-nat-DOMINICAN-REPUBLIC -> N\ns-nat-DOMINICAN-REPUBLIC
ns-nat-DUBLIN -> N\ns-nat-DUBLIN
ns-nat-FINLAND -> N\ns-nat-FINLAND
ns-nat-GERMANY -> N\ns-nat-GERMANY
ns-nat-GREECE -> N\ns-nat-GREECE
ns-nat-GUATEMALA -> N\ns-nat-GUATEMALA
ns-nat-HAMBURG -> N\ns-nat-HAMBURG
ns-nat-HONG-KONG -> N\ns-nat-HONG-KONG
ns-nat-HUNGARY -> N\ns-nat-HUNGARY
ns-nat-INDONESIA -> N\ns-nat-INDONESIA
ns-nat-ISTANBUL -> N\ns-nat-ISTANBUL
ns-nat-ITALY -> N\ns-nat-ITALY
ns-nat-JAMAICA -> N\ns-nat-JAMAICA
ns-nat-JAPAN -> N\ns-nat-JAPAN
ns-nat-JERUSALEM -> N\ns-nat-JERUSALEM
ns-nat-JORDAN -> N\ns-nat-JORDAN
ns-nat-KOREA -> N\ns-nat-KOREA
ns-nat-LEBANON -> N\ns-nat-LEBANON
ns-nat-MALAYSIA -> N\ns-nat-MALAYSIA
ns-nat-MEXICO -> N\ns-nat-MEXICO
ns-nat-MILAN -> N\ns-nat-MILAN
ns-nat-NETHERLANDS -> N\ns-nat-NETHERLANDS
ns-nat-PAKISTAN -> N\ns-nat-PAKISTAN
ns-nat-POLAND -> N\ns-nat-POLAND
ns-nat-RUSSIA -> N\ns-nat-RUSSIA
ns-nat-SHANGHAI -> N\ns-nat-SHANGHAI
ns-nat-SPAIN -> N\ns-nat-SPAIN
ns-nat-SRI-LANKA -> N\ns-nat-SRI-LANKA
ns-nat-THAILAND -> N\ns-nat-THAILAND
ns-nat-TRINIDAD-AND-TOBAGO -> N\ns-nat-TRINIDAD-AND-TOBAGO
